time_s0,RF_swing_s0,time_s1,RF_swing_s1,time_s2,RF_swing_s2,time_s3,RF_swing_s3,time_s4,RF_swing_s4,time_s5,RF_swing_s5,time_s6,RF_swing_s6,time_s7,RF_swing_s7,time_s8,RF_swing_s8,time_s9,RF_swing_s9,time_s10,RF_swing_s10,time_s11,RF_swing_s11,time_s12,RF_swing_s12,time_s13,RF_swing_s13,time_s14,RF_swing_s14,time_s15,RF_swing_s15
21.7667,0.4667,23.0767,0.4167,22.6533,0.3833,21.61,0.38,21.93,0.3833,22.3867,0.3667,22.36,0.4267,22.5,0.32,21.8933,0.3767,23.5167,0.5467,22.2867,0.36,21.6633,0.3733,22.4867,0.3867,21.7033,0.3833,21.8733,0.3867,22.06,0.35
22.93,0.4533,24.13,0.37,23.7167,0.3867,22.6433,0.37,23.0167,0.3967,23.5033,0.4133,23.46,0.39,23.53,0.3133,23.0233,0.4333,25.0233,0.5267,23.3567,0.3467,22.6633,0.37,23.5467,0.3933,22.7233,0.38,22.95,0.3933,23.0467,0.3533
24.12,0.47,25.2033,0.3833,24.8233,0.4,23.72,0.37,24.0633,0.39,24.6033,0.3967,24.5733,0.39,24.5833,0.3167,24.14,0.4133,26.5,0.5567,24.48,0.3467,23.68,0.3567,24.57,0.3733,23.77,0.3833,24.0133,0.4,24.0433,0.37
25.3233,0.4667,26.3267,0.4167,25.9267,0.3833,24.7533,0.3833,25.1133,0.3533,25.7,0.4033,25.7433,0.4433,25.63,0.3367,25.2367,0.39,27.99,0.56,25.59,0.3367,24.6867,0.3567,25.6233,0.3967,24.81,0.3933,25.1,0.4033,25.0233,0.35
26.4833,0.4467,27.41,0.4267,27.06,0.3967,25.82,0.37,26.13,0.3833,26.8133,0.41,26.91,0.44,26.6767,0.3167,26.3467,0.43,29.4833,0.56,26.6933,0.3433,25.71,0.3767,26.6833,0.4067,25.8367,0.3967,26.1633,0.4,26.0067,0.3667
27.6267,0.4567,28.6167,0.42,28.1633,0.3833,26.8833,0.36,27.15,0.3333,27.91,0.36,28.0133,0.42,27.7033,0.3233,27.4567,0.42,30.93,0.5333,27.76,0.3267,26.7067,0.3567,27.74,0.3967,26.86,0.3833,27.21,0.3667,26.9867,0.3533
28.7933,0.4467,29.6933,0.4067,29.2567,0.3767,27.9567,0.3733,28.2067,0.3733,29.0467,0.4067,29.11,0.3967,28.73,0.3267,28.61,0.4033,32.4367,0.5467,28.8267,0.3333,27.73,0.38,28.7867,0.4067,27.8733,0.3867,28.26,0.39,27.9833,0.35
29.9433,0.4667,30.78,0.3867,30.35,0.3867,29.05,0.3767,29.27,0.39,30.18,0.4133,30.2133,0.3967,29.7433,0.3333,29.78,0.4267,33.9433,0.5567,29.9,0.3433,28.7467,0.36,29.8367,0.3967,28.92,0.3967,29.31,0.3933,28.9833,0.3667
31.08,0.44,31.8433,0.3867,31.46,0.4,30.0767,0.3767,30.3067,0.3933,31.2667,0.37,31.34,0.41,30.78,0.3333,30.93,0.44,35.37,0.5233,30.9967,0.3367,29.7933,0.37,30.9033,0.3933,29.9533,0.3933,30.34,0.38,29.9667,0.3567
32.2067,0.4367,32.9233,0.37,32.5633,0.3967,31.1233,0.3667,31.3533,0.3367,32.3567,0.3967,32.47,0.4467,31.81,0.3167,32.0267,0.41,36.7633,0.5067,32.0867,0.35,30.8433,0.38,31.95,0.4067,30.9833,0.39,31.3433,0.3733,30.96,0.3667
33.35,0.4433,34.0333,0.43,33.6567,0.3833,32.1833,0.39,32.41,0.38,33.44,0.41,33.57,0.42,32.8567,0.3367,33.1433,0.4133,38.1733,0.5167,33.1633,0.35,31.8433,0.37,33.0233,0.41,32.01,0.3967,32.3733,0.37,31.9167,0.3567
34.5033,0.4567,35.1267,0.3833,34.74,0.3867,33.2333,0.3433,33.4367,0.34,34.5233,0.3867,34.6367,0.4333,33.88,0.33,34.2633,0.4133,39.59,0.53,34.2533,0.35,32.8633,0.3667,34.0767,0.3933,33.04,0.3967,33.3933,0.37,32.9233,0.3767
35.6367,0.4533,36.2133,0.4133,35.8433,0.39,34.32,0.3467,34.5,0.3567,35.6033,0.39,35.7233,0.4133,34.9067,0.3267,35.4233,0.4233,40.9833,0.5333,35.3267,0.34,33.8667,0.35,35.1433,0.3967,34.0767,0.39,34.4467,0.3967,33.94,0.3633
36.7933,0.45,37.3333,0.4,36.9,0.3467,35.4267,0.37,35.49,0.3367,36.65,0.3867,36.8367,0.4433,35.93,0.31,36.53,0.43,42.3833,0.5067,36.4233,0.34,34.8767,0.35,36.2033,0.3867,35.1033,0.38,35.4833,0.3833,34.9833,0.36
37.9967,0.4767,38.4467,0.4133,37.97,0.38,36.4133,0.36,36.5333,0.38,37.7033,0.3633,37.9167,0.3967,36.95,0.3333,37.64,0.4133,43.8133,0.52,37.5167,0.3567,35.8733,0.3767,37.23,0.3733,36.14,0.39,36.5233,0.3833,35.9867,0.37
39.2067,0.4533,39.55,0.4233,39.04,0.38,37.4,0.34,37.5567,0.3467,38.7533,0.3867,39.0133,0.4333,37.98,0.3267,38.76,0.4267,45.2633,0.5467,38.6,0.34,36.8933,0.3633,38.27,0.39,37.16,0.3833,37.55,0.3833,37.0,0.3767
40.36,0.4433,40.6567,0.4067,40.14,0.39,38.4267,0.37,38.61,0.3733,39.84,0.3633,40.0867,0.4,39.0167,0.3433,39.8767,0.42,46.7067,0.51,39.6733,0.34,37.8967,0.37,39.3233,0.3933,38.1833,0.38,38.58,0.3767,37.98,0.37
41.4933,0.4367,41.7467,0.3967,41.23,0.4033,39.4667,0.3667,39.67,0.3833,40.87,0.3567,41.1567,0.4133,40.06,0.3433,41.04,0.44,48.0867,0.5167,40.7567,0.3367,38.9067,0.3667,40.3567,0.39,39.2067,0.3767,39.62,0.38,38.95,0.3467
42.6133,0.43,42.8433,0.3933,42.34,0.4,40.5033,0.3467,40.7333,0.3833,41.8967,0.35,42.2433,0.36,41.0933,0.3367,42.17,0.4233,49.5367,0.5067,41.8333,0.3533,39.89,0.3533,41.38,0.3867,40.23,0.3833,40.6367,0.3533,39.9233,0.3467
43.73,0.42,43.9733,0.4133,43.4433,0.3967,41.5333,0.3633,41.8167,0.39,42.9567,0.3733,43.39,0.42,42.0933,0.32,43.3,0.42,51.0067,0.55,42.9333,0.3433,40.8967,0.3567,42.4167,0.3833,41.26,0.3933,41.6767,0.3767,40.9,0.3767
44.8467,0.4367,45.1333,0.4067,44.5133,0.3767,42.56,0.3633,42.89,0.39,44.01,0.3867,44.51,0.4367,43.1033,0.3267,44.3967,0.41,52.45,0.5267,44.0267,0.35,41.8867,0.37,43.5,0.4,42.28,0.3767,42.71,0.3867,41.89,0.3667
45.97,0.44,46.2267,0.41,45.58,0.3767,43.6133,0.3667,43.95,0.35,45.0633,0.39,45.6133,0.4233,44.15,0.35,45.52,0.4267,53.8233,0.5067,45.1233,0.3433,42.8933,0.3667,44.52,0.39,43.3233,0.3867,43.7633,0.3733,42.85,0.3667
47.09,0.4433,47.2967,0.37,46.6567,0.4067,44.65,0.3867,44.9133,0.3733,46.13,0.36,46.6533,0.4067,45.22,0.3367,46.66,0.44,55.2367,0.5067,46.1933,0.3533,43.9033,0.37,45.63,0.4167,44.3667,0.3867,44.7933,0.3533,43.8433,0.3433
48.22,0.44,48.4167,0.4033,47.75,0.39,45.66,0.36,46.0167,0.35,47.2333,0.4033,47.7233,0.3933,46.26,0.3367,47.7967,0.42,56.5967,0.5067,47.29,0.3467,44.9,0.3667,46.7367,0.4467,45.41,0.3867,45.85,0.3967,44.8067,0.3533
49.3267,0.44,49.5267,0.3967,48.88,0.4133,46.6833,0.3633,47.0533,0.39,48.3,0.3967,48.8133,0.42,47.2667,0.33,48.95,0.4333,57.97,0.51,48.3733,0.3533,45.9,0.3667,47.8,0.4,46.45,0.3967,46.9067,0.4033,45.78,0.3533
50.4133,0.43,50.6833,0.4133,49.9733,0.3867,47.7067,0.3367,48.1,0.34,49.3933,0.41,49.9033,0.4233,48.32,0.3433,50.01,0.4067,59.35,0.5067,49.4633,0.3567,46.8833,0.3533,48.8333,0.3933,47.48,0.3933,47.9633,0.3867,46.7633,0.3633
51.5667,0.4533,51.8233,0.4333,51.0533,0.3967,48.7233,0.3533,49.1367,0.3667,50.4533,0.3567,50.9833,0.41,49.3367,0.3433,51.1033,0.4233,60.7433,0.5033,50.5367,0.3367,47.85,0.3633,49.9233,0.4,48.52,0.3933,49.0133,0.39,47.76,0.3667
52.7167,0.46,52.9267,0.4167,52.1767,0.41,49.7367,0.35,50.1667,0.3767,51.5567,0.3667,52.0767,0.39,50.3567,0.3367,52.24,0.43,62.1333,0.4767,51.5967,0.3267,48.8467,0.3633,50.9867,0.3933,49.5567,0.38,50.0733,0.3967,48.7467,0.37
53.8567,0.4567,54.0067,0.39,53.2767,0.4133,50.7333,0.35,51.2333,0.3933,52.6567,0.3867,53.1533,0.4467,51.3867,0.3067,53.38,0.4033,63.5033,0.5167,52.6867,0.3533,49.84,0.37,52.05,0.3733,50.5733,0.3833,51.14,0.4,49.7267,0.3533
55.0067,0.45,55.1033,0.4067,54.4033,0.4,51.73,0.37,52.31,0.3867,53.7433,0.37,54.2933,0.44,52.3767,0.3233,54.4833,0.4167,64.89,0.5133,53.7833,0.3533,50.81,0.3567,53.09,0.3933,51.6,0.3767,52.1933,0.3967,50.7167,0.36
56.15,0.4433,56.1767,0.38,55.5167,0.4233,52.73,0.3633,53.36,0.3533,54.82,0.3967,55.3933,0.4,53.3833,0.33,55.6067,0.4333,66.2633,0.5233,54.89,0.3433,51.81,0.3567,54.1267,0.3733,52.6233,0.38,53.24,0.4,51.6867,0.37
57.28,0.45,57.29,0.3933,56.63,0.4167,53.7667,0.3533,54.3833,0.3833,55.91,0.4033,56.4733,0.4233,54.44,0.35,56.7167,0.4133,67.6133,0.52,55.9767,0.3533,52.8033,0.3767,55.19,0.4,53.6567,0.38,54.2967,0.39,52.6533,0.3533
58.4267,0.44,58.3867,0.4067,57.7567,0.41,54.82,0.38,55.4233,0.3767,56.99,0.3633,57.5667,0.42,55.5033,0.3467,57.83,0.4067,69.0367,0.4967,57.0633,0.34,53.7833,0.3667,56.2933,0.3867,54.69,0.3733,55.35,0.3833,53.6367,0.3567
59.5467,0.43,59.48,0.4033,58.8967,0.41,55.8367,0.3233,56.44,0.38,58.0667,0.3767,58.65,0.4067,56.56,0.3333,58.94,0.4233,70.4067,0.5167,58.1467,0.3367,54.76,0.37,57.4133,0.4067,55.7367,0.4067,56.42,0.3867,54.6567,0.3733
60.7233,0.4467,60.56,0.4033,60.0733,0.41,56.81,0.3333,57.4433,0.3533,59.1833,0.3733,59.7433,0.4167,57.6267,0.33,60.0167,0.4133,71.7833,0.5233,59.24,0.35,55.7533,0.3667,58.6633,0.5233,56.79,0.4033,57.4967,0.3867,55.6667,0.37
61.9367,0.4533,61.69,0.4,61.43,0.4233,57.8167,0.3433,58.52,0.3633,60.2467,0.4067,60.8267,0.4,58.71,0.3533,61.18,0.4167,73.1733,0.52,60.35,0.36,56.7433,0.3567,59.8233,0.46,57.8567,0.39,58.5833,0.4033,56.6467,0.3533
63.1167,0.4667,62.84,0.3867,62.6967,0.2167,58.8233,0.35,59.5633,0.3767,61.32,0.3967,61.9567,0.44,59.76,0.3433,62.29,0.4167,74.5733,0.5233,61.46,0.35,57.72,0.3333,60.95,0.4233,58.9233,0.38,59.66,0.3933,57.65,0.3767
64.47,0.4633,63.94,0.39,63.8433,0.3967,59.8633,0.38,60.59,0.36,62.4367,0.3867,63.0567,0.3933,60.79,0.35,63.4033,0.4133,75.9733,0.5033,62.56,0.35,58.72,0.3767,62.02,0.4067,59.98,0.3867,60.74,0.3767,58.63,0.3567
65.94,0.5533,65.0367,0.4067,64.9433,0.3867,60.89,0.3533,61.6167,0.34,63.52,0.4067,64.1467,0.4067,61.8433,0.34,64.52,0.4233,77.3967,0.53,63.65,0.3433,59.75,0.38,63.1067,0.3967,61.02,0.41,61.8367,0.3833,59.61,0.3567
67.1633,0.48,66.1367,0.3967,66.0533,0.3933,61.8967,0.3633,62.7167,0.4033,64.6033,0.3933,65.3167,0.4433,62.9267,0.35,65.63,0.41,78.77,0.5067,64.7733,0.34,60.76,0.3433,64.1933,0.3767,62.0967,0.4167,62.94,0.3967,60.5933,0.35
68.3733,0.4567,67.2667,0.3967,67.1467,0.39,62.9533,0.3633,63.7933,0.35,65.6967,0.3767,66.5067,0.44,64.0267,0.37,66.7567,0.43,80.1633,0.4967,65.9233,0.35,61.7867,0.3633,65.26,0.3933,63.1367,0.4067,64.1267,0.42,61.63,0.3533
69.5467,0.5033,68.4,0.42,68.23,0.3667,63.96,0.3667,64.8933,0.3933,66.7567,0.3533,67.7,0.4233,65.0633,0.3333,67.88,0.42,81.5867,0.5067,67.03,0.3633,62.85,0.3833,66.3067,0.3833,64.1833,0.3933,65.5133,0.5167,62.69,0.3833
70.8633,0.5167,69.5833,0.42,69.3033,0.3767,64.97,0.36,65.9867,0.39,67.83,0.37,68.9167,0.4367,66.1167,0.38,68.9833,0.4167,83.0467,0.5133,67.98,0.2733,63.96,0.3867,67.3667,0.4,65.2133,0.3833,66.63,0.3867,63.8067,0.4167
72.0567,0.48,70.82,0.4,70.3767,0.37,65.9633,0.3533,67.06,0.39,68.94,0.4,70.0267,0.25,67.1333,0.32,70.12,0.43,84.8533,0.5467,69.01,0.3,65.1133,0.4267,68.4167,0.3833,66.2533,0.39,67.71,0.39,64.8633,0.35
73.22,0.45,72.2233,0.4967,71.4467,0.3833,66.9767,0.3567,68.0933,0.37,70.0667,0.41,71.1967,0.4233,68.17,0.36,71.2333,0.4333,86.5567,0.6833,70.14,0.3733,66.39,0.5067,69.4767,0.3767,67.2867,0.3867,68.7767,0.3933,65.9267,0.39
74.3633,0.4533,73.57,0.5,72.5233,0.4033,68.01,0.3667,69.1833,0.3833,71.27,0.4233,72.3,0.4167,69.19,0.33,72.3767,0.42,88.01,0.51,71.2167,0.34,67.4667,0.4033,70.55,0.3867,68.3133,0.3867,69.8433,0.3967,66.9567,0.3733
75.4967,0.4333,74.7833,0.4333,73.6233,0.3833,69.04,0.35,70.3167,0.4067,72.4467,0.43,73.4633,0.4533,70.19,0.3133,73.5567,0.4367,89.48,0.5467,72.3033,0.34,68.49,0.38,71.5967,0.3967,69.3467,0.3833,70.9167,0.3733,67.98,0.38
76.65,0.4367,75.93,0.4167,74.73,0.3833,70.0833,0.3433,71.4,0.3733,73.7133,0.2867,74.5933,0.4267,71.2433,0.34,74.7533,0.43,90.8933,0.5,73.4233,0.35,69.52,0.3767,72.6567,0.3867,70.3667,0.3733,72.0067,0.39,68.98,0.37
77.8133,0.4433,77.04,0.3967,75.8367,0.39,71.1067,0.3733,72.57,0.2867,74.8233,0.3867,75.6967,0.4033,72.34,0.3267,76.7767,0.41,92.3467,0.5167,74.53,0.3467,70.54,0.3733,73.7233,0.3867,71.3933,0.3767,73.0833,0.4,70.0133,0.3633
78.9733,0.4433,78.17,0.39,76.9233,0.3867,72.1233,0.3633,73.7467,0.4167,75.9033,0.3867,76.8,0.4233,73.46,0.3067,77.9733,0.4567,93.79,0.5,75.6067,0.34,71.6067,0.3733,74.7667,0.3833,72.44,0.3867,74.1167,0.3833,71.0633,0.3833
80.1367,0.4333,79.33,0.4167,78.0033,0.38,73.1467,0.37,74.8567,0.4033,77.0033,0.39,77.8767,0.3767,74.56,0.3133,79.1733,0.4533,95.23,0.53,76.68,0.3567,72.6533,0.3533,75.8067,0.39,73.46,0.39,75.15,0.39,72.0967,0.3867
81.31,0.47,80.5267,0.4267,79.09,0.3667,74.2,0.3533,75.92,0.3467,78.0967,0.4,78.9433,0.4233,75.6233,0.3433,80.3033,0.4233,96.67,0.5333,77.75,0.3433,73.6967,0.3767,76.89,0.4,74.4833,0.3767,76.1933,0.3933,73.0967,0.3767
82.4633,0.4367,81.6133,0.3867,80.1667,0.3867,75.24,0.3533,77.0233,0.3733,79.2367,0.38,80.02,0.4133,76.6667,0.3267,81.42,0.4,98.0633,0.5,78.8167,0.3367,74.7233,0.36,77.94,0.3733,75.52,0.3833,77.25,0.3833,74.0667,0.35
83.6233,0.4567,82.7,0.41,81.26,0.38,76.27,0.3533,78.1167,0.3833,80.3633,0.4067,81.1,0.4167,77.7433,0.3467,82.57,0.42,99.4567,0.4933,79.9067,0.34,75.71,0.3633,78.9767,0.3867,76.5633,0.39,78.3,0.38,75.0367,0.36
84.79,0.44,83.8167,0.3967,82.3467,0.39,77.3333,0.37,79.1967,0.39,81.4733,0.37,82.1933,0.3933,78.78,0.34,83.7233,0.43,100.91,0.4933,81.0,0.3433,76.7033,0.36,80.0267,0.3833,77.5967,0.37,79.3733,0.3867,76.0333,0.3733
85.9567,0.4567,84.92,0.3667,83.43,0.37,78.47,0.3767,80.2467,0.3833,82.54,0.4,83.3233,0.4233,79.8367,0.3367,84.8333,0.3967,102.3333,0.5267,82.0933,0.3433,77.71,0.3533,81.0533,0.3833,78.62,0.3767,80.45,0.41,77.0333,0.36
87.1233,0.4533,86.0367,0.4167,84.5,0.38,79.5833,0.35,81.31,0.3867,83.6333,0.3833,84.3667,0.3767,80.8667,0.31,85.9533,0.4233,103.72,0.4967,83.17,0.3233,78.7233,0.3767,82.11,0.3933,79.6567,0.39,81.51,0.3967,78.0067,0.3467
88.25,0.4367,87.08,0.3867,85.5933,0.3933,80.6133,0.3767,82.37,0.38,84.7067,0.3633,85.4067,0.35,81.9033,0.3067,87.0433,0.4,105.11,0.5,84.2467,0.3533,79.7367,0.3867,83.17,0.3933,80.6967,0.39,82.5533,0.3767,78.9367,0.3467
89.42,0.45,88.1433,0.3967,86.68,0.38,81.66,0.3967,83.42,0.3833,85.7933,0.3967,86.5067,0.3933,82.9133,0.3433,88.15,0.41,106.52,0.51,85.32,0.35,80.7033,0.3467,84.2233,0.3767,81.7267,0.3867,83.5967,0.3767,79.9,0.3467
90.5867,0.44,89.2367,0.4067,87.7433,0.3767,82.67,0.3633,84.4833,0.3767,86.8767,0.37,87.57,0.3667,83.8833,0.2933,89.26,0.4167,107.93,0.51,86.4067,0.3567,81.6667,0.33,85.2867,0.3933,82.7767,0.3867,84.6167,0.38,80.9,0.3567
91.77,0.4633,90.3467,0.41,88.82,0.3767,83.6467,0.3267,85.5333,0.3967,87.9433,0.3733,88.6867,0.4133,84.8567,0.31,90.4367,0.4133,109.35,0.5033,87.4867,0.34,82.6667,0.37,86.3433,0.3933,83.8067,0.39,85.65,0.39,81.9167,0.3833
92.94,0.47,91.42,0.4333,89.8833,0.3833,84.6633,0.35,86.5833,0.35,89.01,0.3567,89.79,0.41,85.8633,0.38,91.59,0.4167,110.79,0.51,88.54,0.34,83.67,0.37,87.4067,0.3833,84.8433,0.3833,86.6933,0.3633,82.9233,0.3533
94.1033,0.4533,92.5967,0.3633,90.9467,0.3767,85.66,0.34,87.6133,0.3767,90.1,0.3767,90.8967,0.4133,86.8867,0.3267,92.73,0.4,112.1633,0.4967,89.62,0.3467,84.6667,0.3533,88.4667,0.3933,85.87,0.3767,87.73,0.39,83.92,0.34
95.29,0.45,93.75,0.4233,92.0233,0.3633,86.6933,0.36,88.6967,0.3833,91.1567,0.37,91.98,0.42,87.9167,0.3367,93.8433,0.41,113.5833,0.5133,90.71,0.3567,85.65,0.35,89.5133,0.3933,86.92,0.39,88.7833,0.38,84.8867,0.3467
96.47,0.47,94.8533,0.4167,93.1033,0.3967,87.7167,0.3733,89.74,0.3833,92.21,0.3633,93.0567,0.39,88.9467,0.3333,94.9833,0.42,115.01,0.5067,91.7867,0.35,86.64,0.3667,90.59,0.3867,87.9467,0.3867,89.8267,0.3933,85.8733,0.3733
97.64,0.4467,95.97,0.3967,94.1967,0.4133,88.74,0.36,90.7733,0.4,93.3,0.3833,94.1367,0.4033,89.9767,0.32,96.11,0.4167,116.4267,0.5267,92.85,0.3367,87.63,0.3533,91.6567,0.4,88.98,0.3767,90.84,0.3533,86.8567,0.35
98.8,0.4433,97.0733,0.4167,95.2867,0.39,89.7533,0.3767,91.8667,0.3667,94.39,0.39,95.2367,0.42,90.9667,0.32,97.21,0.4133,117.83,0.51,93.9067,0.3333,88.6433,0.38,92.71,0.3767,90.0067,0.38,91.91,0.39,87.86,0.37
99.9833,0.46,98.2,0.4167,96.38,0.4133,90.7933,0.3867,92.9367,0.39,95.4467,0.36,96.3233,0.4,91.9833,0.3133,98.3533,0.4367,119.2067,0.5033,94.9633,0.3367,89.6367,0.3433,93.8033,0.4167,91.05,0.3867,92.9433,0.37,88.8367,0.36
101.1333,0.4567,99.3367,0.4267,97.48,0.3967,91.8167,0.3567,93.9633,0.3933,96.5133,0.36,97.39,0.3933,92.99,0.32,99.4333,0.3833,120.5667,0.5033,96.0133,0.33,90.63,0.3667,94.85,0.39,92.0867,0.38,94.0167,0.3833,89.83,0.35
102.25,0.43,100.4533,0.4,98.56,0.3833,92.86,0.38,95.0467,0.3533,97.5667,0.3567,98.46,0.4,93.9767,0.2833,100.5733,0.4467,121.9233,0.4867,97.06,0.3333,91.63,0.37,95.9233,0.3967,93.1367,0.3833,95.0667,0.3933,90.81,0.36
103.39,0.4433,101.57,0.41,99.6667,0.3767,93.9267,0.3833,96.11,0.3933,98.65,0.4067,99.51,0.4067,94.99,0.3267,101.6867,0.42,123.3033,0.4933,98.13,0.3367,92.6067,0.3767,96.9867,0.3933,94.1767,0.39,96.1033,0.3867,91.8033,0.36
104.5767,0.4533,102.6433,0.3833,100.7633,0.3833,94.94,0.36,97.16,0.3733,99.74,0.3833,100.55,0.3967,96.02,0.33,102.8,0.4267,124.6767,0.5033,99.2033,0.34,93.63,0.3733,98.0833,0.3967,95.2033,0.3833,97.1467,0.3933,92.78,0.36
105.7467,0.47,103.71,0.3867,101.86,0.3867,95.98,0.3633,98.23,0.38,100.8067,0.3633,101.6167,0.38,97.0333,0.31,103.9333,0.4233,126.0167,0.4933,100.2667,0.3433,94.63,0.3733,99.19,0.4067,96.2367,0.3867,98.19,0.3867,93.7833,0.3667
106.89,0.45,104.8167,0.3933,102.9433,0.3933,97.0233,0.3633,99.2733,0.38,101.88,0.4133,102.7167,0.4,98.06,0.33,105.0633,0.41,127.38,0.5033,101.33,0.34,95.6233,0.3767,100.2667,0.4,97.2867,0.38,99.22,0.38,94.7533,0.36
108.05,0.44,105.8967,0.3967,104.0233,0.37,98.0667,0.3767,100.34,0.39,102.9767,0.3833,103.8333,0.4133,99.1233,0.3267,106.1433,0.4033,128.7333,0.49,102.41,0.3533,96.6233,0.3633,101.34,0.3933,98.3333,0.3933,100.24,0.3767,95.72,0.36
109.2033,0.4467,106.95,0.38,105.1067,0.3867,99.1067,0.37,101.3933,0.3833,104.0467,0.3733,104.95,0.4233,100.1967,0.3467,107.2533,0.4233,130.09,0.49,103.54,0.3567,97.6233,0.3867,102.3967,0.4,99.37,0.3933,101.2967,0.3833,96.7,0.3533
110.35,0.44,108.0367,0.3833,106.1933,0.3833,100.14,0.3667,102.4467,0.3867,105.1433,0.3767,106.02,0.3967,101.2,0.3067,108.3833,0.4133,131.4467,0.4967,104.6333,0.35,98.6367,0.36,103.4467,0.37,100.4133,0.3867,102.33,0.38,97.6767,0.3667
111.5,0.4433,109.1,0.3933,107.3033,0.3933,101.1967,0.39,103.48,0.37,106.2033,0.3633,107.1167,0.4167,102.1967,0.3267,109.5267,0.4233,132.7967,0.49,105.7133,0.34,99.6333,0.3633,104.5267,0.4,101.4633,0.3967,103.3867,0.3833,98.6567,0.34
112.6367,0.44,110.2333,0.4167,108.4033,0.3867,102.2267,0.3767,104.5333,0.3867,107.2867,0.3733,108.2067,0.39,103.1967,0.3167,110.65,0.4133,134.1733,0.5033,106.8,0.3467,100.65,0.36,105.5767,0.3933,102.5133,0.39,104.42,0.3833,99.6633,0.38
113.7733,0.4533,111.3567,0.4367,109.4667,0.3733,103.2533,0.39,105.5867,0.39,108.3633,0.3767,109.34,0.4067,104.1967,0.3067,111.7667,0.4,135.5833,0.4967,107.9,0.3367,101.68,0.3733,106.6233,0.38,103.5767,0.3933,105.4433,0.38,100.6567,0.36
114.9233,0.4433,112.45,0.38,110.55,0.39,104.2933,0.3633,106.6467,0.3833,109.4133,0.35,110.4333,0.39,105.2133,0.3133,112.88,0.4133,136.9833,0.5,108.9867,0.35,102.7167,0.3733,107.6867,0.3833,104.6167,0.3967,106.47,0.38,101.64,0.36
116.07,0.4433,113.5633,0.4133,111.6467,0.38,105.3133,0.3667,107.7033,0.39,110.49,0.39,111.6133,0.4333,106.3033,0.3433,113.97,0.4167,138.35,0.49,110.0567,0.3533,103.7433,0.3767,108.74,0.39,105.6467,0.38,107.5167,0.3767,102.5967,0.36
117.21,0.4333,114.7033,0.4167,112.76,0.4033,106.3533,0.38,108.7167,0.3733,111.5433,0.3733,112.7633,0.4167,107.2933,0.3033,115.07,0.42,139.7033,0.4933,111.1233,0.3433,104.7367,0.3467,109.8267,0.3867,106.6767,0.3867,108.5767,0.39,103.6,0.37
118.3767,0.4433,115.7933,0.37,113.8667,0.3867,107.39,0.3733,109.79,0.39,112.62,0.3833,113.8433,0.3833,108.29,0.3467,116.1367,0.41,141.09,0.5133,112.1867,0.32,105.7467,0.3667,110.9267,0.3767,107.7367,0.3833,109.6167,0.3833,104.6,0.3567
119.5667,0.4433,116.8533,0.4,115.0,0.3867,108.4367,0.3767,110.8033,0.39,113.6967,0.36,114.88,0.3733,109.2933,0.3367,117.2833,0.4367,142.4767,0.49,113.2333,0.33,106.74,0.3667,112.03,0.4,108.7867,0.3933,110.6633,0.3867,105.62,0.3633
120.77,0.4367,117.9,0.37,116.21,0.43,109.47,0.3967,111.8567,0.38,114.78,0.3633,115.9667,0.42,110.3,0.3367,118.4,0.4167,143.86,0.5,114.3067,0.33,107.7033,0.3667,113.21,0.4767,109.8233,0.3833,111.73,0.3867,106.5933,0.3533
123.43,0.2533,119.04,0.4133,117.6,0.46,110.49,0.35,112.8667,0.38,115.8667,0.3667,117.0333,0.4,111.2967,0.31,119.4933,0.39,145.23,0.5033,115.3833,0.33,108.69,0.3367,114.3333,0.4333,110.88,0.3867,112.7533,0.37,107.57,0.3567
124.75,0.44,120.1333,0.4033,118.93,0.43,111.48,0.3567,113.94,0.39,116.91,0.36,118.1433,0.3967,112.3433,0.3167,120.6167,0.42,146.5767,0.4967,116.4367,0.3333,109.6833,0.3767,115.45,0.41,111.94,0.3867,113.8033,0.3833,108.55,0.3567
125.94,0.4667,121.23,0.3667,120.0,0.3967,112.5433,0.3633,114.9867,0.3867,117.9933,0.3833,119.2267,0.3833,113.37,0.3033,121.73,0.41,147.9667,0.4933,117.5,0.35,110.6567,0.36,116.5433,0.41,113.1167,0.3967,114.8467,0.3733,109.5733,0.3767
127.0833,0.4233,122.3467,0.39,121.0833,0.3767,113.55,0.36,116.0267,0.3933,119.0633,0.38,120.34,0.4033,114.4,0.32,122.9367,0.4367,149.3533,0.4867,118.59,0.3533,111.67,0.3533,117.6,0.4,114.3367,0.4467,115.9033,0.4,110.57,0.3667
128.1667,0.4067,123.4467,0.41,122.1567,0.3767,114.59,0.3633,117.0467,0.3833,120.16,0.3633,121.4167,0.41,115.4267,0.31,124.09,0.44,150.7567,0.5133,119.6767,0.32,112.6767,0.3633,118.6667,0.39,115.3733,0.33,116.96,0.38,111.5633,0.3567
129.3167,0.4567,124.52,0.38,123.26,0.4,115.65,0.3867,118.1067,0.3733,121.2567,0.4,122.5167,0.4067,116.4767,0.3333,125.1967,0.42,152.1967,0.52,120.7833,0.34,113.67,0.3567,119.7233,0.3833,116.4133,0.39,118.0133,0.39,112.5667,0.3667
130.4033,0.43,125.5733,0.38,124.32,0.3867,116.71,0.38,119.1433,0.3933,122.3267,0.3967,123.6467,0.38,117.5367,0.3267,126.3633,0.41,153.5833,0.4933,121.8867,0.3433,114.6667,0.3667,120.7833,0.39,117.4467,0.3767,119.06,0.3767,113.54,0.36
131.5267,0.4133,126.65,0.3567,125.39,0.38,117.72,0.37,120.2233,0.3733,123.3933,0.4,124.7333,0.37,118.5567,0.3133,127.57,0.47,155.1333,0.5433,122.9367,0.32,115.67,0.3667,121.8267,0.3967,118.4867,0.39,120.12,0.3833,114.5233,0.3533
132.64,0.42,127.7667,0.4267,126.47,0.38,118.7733,0.38,121.2667,0.38,124.4767,0.3867,125.82,0.3767,119.6067,0.31,128.69,0.4,156.8367,0.6267,123.9433,0.3067,116.6867,0.3567,122.8667,0.39,119.53,0.3933,121.1867,0.38,115.51,0.37
133.7833,0.4167,128.8433,0.37,127.5567,0.37,119.83,0.3867,122.34,0.39,125.5633,0.3967,126.9433,0.4,120.6567,0.3,129.82,0.41,158.3433,0.51,125.11,0.3633,117.69,0.3467,123.9267,0.38,120.5567,0.3833,122.2433,0.39,116.5267,0.37
134.8967,0.43,129.92,0.3767,128.65,0.39,120.8433,0.3567,123.45,0.36,126.69,0.4067,128.11,0.4333,121.6533,0.3067,130.9233,0.4267,159.8367,0.53,126.2067,0.34,118.6767,0.35,124.9633,0.3867,121.6033,0.39,123.3367,0.3867,117.5567,0.3733
136.03,0.42,131.02,0.3967,129.73,0.3867,121.8967,0.38,124.53,0.3567,127.8033,0.4033,129.2633,0.42,122.65,0.31,132.0467,0.41,161.2867,0.5267,127.3367,0.3267,119.6867,0.36,126.01,0.3867,122.63,0.38,124.43,0.4,118.55,0.3633
137.1533,0.4233,132.2233,0.4067,130.8267,0.3867,122.92,0.38,125.6033,0.39,128.91,0.3833,130.3067,0.2567,123.6833,0.3133,133.1367,0.4133,162.8,0.5533,128.4533,0.34,120.7833,0.3967,127.07,0.3867,123.68,0.3833,125.6367,0.4,119.5667,0.3767
138.2733,0.4167,133.5567,0.5167,131.8967,0.3767,123.9467,0.3633,126.6733,0.3367,130.0533,0.4067,131.5767,0.4867,124.7233,0.3333,134.2633,0.4167,164.2167,0.5133,129.54,0.3333,121.9833,0.39,128.1167,0.4033,124.6967,0.3767,126.9067,0.4967,120.61,0.37
139.4067,0.3967,134.7267,0.4433,132.9933,0.3933,125.01,0.3933,127.79,0.42,131.19,0.3967,132.7,0.3967,125.81,0.3233,135.4333,0.4167,165.6033,0.4867,130.67,0.3533,123.1033,0.4067,129.17,0.38,125.6967,0.38,128.0533,0.42,121.6933,0.3767
140.5233,0.4133,135.92,0.44,134.1233,0.4,126.04,0.38,128.87,0.3633,132.4267,0.35,133.77,0.39,126.8733,0.3367,136.57,0.42,167.01,0.49,131.78,0.3533,124.1567,0.38,130.2167,0.3933,126.72,0.3867,129.1567,0.3967,123.0367,0.4967
141.6333,0.4267,137.0833,0.4033,135.1733,0.38,127.1267,0.41,129.9933,0.3833,133.7433,0.51,134.8633,0.41,127.91,0.3233,137.7467,0.4367,168.4233,0.5,132.8833,0.33,125.1633,0.3567,131.2567,0.3733,127.7467,0.3867,130.2233,0.38,124.19,0.4267
142.7533,0.4167,138.25,0.4167,136.2467,0.3867,128.1933,0.3933,131.1433,0.41,134.9467,0.4367,135.92,0.4067,128.9433,0.3133,138.89,0.4067,169.85,0.5233,133.98,0.3467,126.16,0.3533,132.3067,0.3833,128.7767,0.3767,131.3033,0.4,125.21,0.3633
143.86,0.4233,139.4,0.4267,137.3233,0.3833,129.2233,0.3767,132.3033,0.4133,136.09,0.4033,136.9933,0.4167,130.0033,0.3567,140.0767,0.4267,171.2867,0.5233,135.04,0.35,127.1667,0.3633,133.3467,0.3833,129.8233,0.38,132.3567,0.3767,126.23,0.35
144.98,0.41,140.5167,0.41,138.4767,0.3867,130.25,0.38,133.4467,0.37,137.2467,0.41,138.0233,0.39,131.0633,0.3233,141.1933,0.43,172.6767,0.5033,136.12,0.3267,128.1633,0.3567,134.4133,0.3967,130.84,0.3867,133.45,0.3933,127.26,0.3533
146.1367,0.44,141.6567,0.4033,139.53,0.38,131.3,0.3567,134.4533,0.3133,138.38,0.4,139.08,0.4133,132.1133,0.3333,142.1967,0.15,174.09,0.53,137.2167,0.3533,129.1333,0.34,135.4533,0.3833,131.8567,0.3667,134.51,0.4,128.2967,0.3733
147.28,0.4433,142.7433,0.39,140.63,0.39,132.35,0.38,135.66,0.4367,139.4633,0.4033,140.18,0.4033,133.1533,0.3367,143.4967,0.4467,175.49,0.51,138.29,0.34,130.1033,0.35,136.5267,0.3933,132.87,0.3733,135.5833,0.4067,129.2833,0.3633
148.42,0.4367,143.8967,0.42,141.7033,0.3833,133.39,0.37,136.8033,0.41,140.59,0.4033,141.24,0.3967,134.15,0.3133,144.76,0.4667,176.9467,0.54,139.3833,0.3333,131.0967,0.3533,137.58,0.39,133.92,0.3867,136.6567,0.3933,130.26,0.3567
149.53,0.42,145.0167,0.37,142.7967,0.4,134.4333,0.36,137.97,0.4133,141.6733,0.4,142.3433,0.44,135.1367,0.3067,145.9667,0.44,178.32,0.4933,140.4733,0.34,132.08,0.36,138.6333,0.3867,134.9533,0.38,137.72,0.3833,131.26,0.3633
150.67,0.42,146.11,0.3833,143.89,0.3967,135.4867,0.3633,139.1033,0.3667,142.7733,0.39,143.3967,0.3867,136.1467,0.3033,147.1033,0.4067,179.6467,0.4933,141.54,0.34,133.0833,0.3633,139.6933,0.3933,135.9933,0.39,138.7967,0.38,132.2667,0.3733
151.7867,0.4233,147.2367,0.4,144.97,0.3867,136.5,0.3967,140.2567,0.41,143.8933,0.41,144.49,0.4267,137.16,0.3167,148.2667,0.4333,180.9867,0.4767,142.6133,0.3333,134.0833,0.35,140.7533,0.3833,137.0467,0.3967,139.9067,0.4,133.28,0.35
152.9267,0.43,148.3433,0.3933,146.06,0.3933,137.53,0.38,141.3633,0.3833,145.0067,0.4,145.57,0.3767,138.18,0.3433,149.3967,0.4333,182.3433,0.4833,143.67,0.3367,135.1,0.3667,141.8,0.3767,138.0867,0.39,140.9633,0.3833,134.26,0.3667
154.05,0.4167,149.4167,0.3767,147.1467,0.39,138.5867,0.3767,142.4533,0.4067,146.0767,0.3767,146.6567,0.42,139.2,0.3333,150.5533,0.4267,183.69,0.4833,144.7633,0.3433,136.09,0.3467,142.8567,0.3833,139.1367,0.3833,142.0133,0.3867,135.25,0.3533
155.1833,0.4233,150.5733,0.4367,148.25,0.39,139.66,0.3933,143.5433,0.39,147.19,0.4167,147.7633,0.42,140.21,0.32,151.71,0.4233,185.0233,0.4533,145.8367,0.35,137.11,0.3467,143.9067,0.4,140.1633,0.38,143.0633,0.3833,136.2367,0.3667
156.3033,0.4167,151.71,0.4067,149.34,0.3967,140.7067,0.35,144.63,0.4,148.28,0.37,148.84,0.41,141.25,0.33,152.8333,0.41,186.4633,0.51,146.91,0.34,138.1267,0.3633,144.9933,0.41,141.21,0.3833,144.1367,0.3967,137.2333,0.3633
157.4467,0.4333,152.83,0.43,150.39,0.3733,141.77,0.36,145.7433,0.3867,149.3867,0.38,149.9167,0.3867,142.3033,0.3067,153.99,0.4133,187.86,0.5033,147.97,0.34,139.1233,0.3467,146.0533,0.4,142.2533,0.39,145.1967,0.3833,138.2433,0.3633
158.5433,0.4,153.9667,0.4133,151.4833,0.3833,142.82,0.37,146.85,0.4067,150.51,0.41,151.01,0.38,143.3567,0.2933,155.12,0.4033,189.2633,0.5133,149.01,0.33,140.13,0.35,147.1367,0.39,143.29,0.39,146.25,0.3733,139.2233,0.3433
159.67,0.41,155.12,0.42,152.5567,0.39,143.8733,0.3867,147.95,0.4,151.6333,0.4,152.1167,0.41,144.44,0.32,156.2233,0.41,190.6533,0.4933,150.07,0.3467,141.1333,0.34,148.19,0.3967,144.34,0.39,147.2933,0.38,140.1967,0.3567
160.7967,0.42,156.2767,0.38,153.6433,0.3967,144.9267,0.3633,149.0167,0.3733,152.71,0.4133,153.22,0.4267,145.4767,0.3333,157.3133,0.4,192.0233,0.5033,151.1333,0.3433,142.12,0.3533,149.2633,0.39,145.38,0.3867,148.3567,0.3867,141.18,0.3467
161.93,0.4333,157.4367,0.4267,154.7533,0.41,145.9767,0.3667,150.1,0.3967,153.84,0.3767,154.3033,0.3833,146.54,0.33,158.4367,0.4367,193.36,0.4933,152.2067,0.3367,143.1233,0.3467,150.3167,0.38,146.42,0.3833,149.4167,0.4067,142.1767,0.3667
163.04,0.4433,158.53,0.38,155.8467,0.3933,147.0733,0.3733,151.14,0.3867,154.9533,0.37,155.3733,0.3867,147.6067,0.3433,159.5733,0.4133,194.7033,0.49,153.27,0.34,144.1233,0.3567,151.3833,0.3867,147.4467,0.3867,150.4867,0.3867,143.15,0.3467
164.1967,0.43,159.69,0.4233,156.9433,0.3867,148.1267,0.35,152.1733,0.3567,156.0833,0.3733,156.45,0.4133,148.6733,0.34,160.7233,0.4333,196.0467,0.4833,154.3333,0.35,145.1433,0.3533,152.43,0.3933,148.4767,0.3767,151.56,0.3967,144.1533,0.37
165.34,0.45,160.7967,0.4067,158.0167,0.3867,149.2933,0.34,153.2433,0.3533,157.1433,0.3667,157.5333,0.3933,149.7,0.3167,161.8567,0.4133,197.3933,0.4967,155.4133,0.3267,146.1867,0.37,153.4833,0.39,149.5367,0.3933,152.6333,0.38,145.13,0.3667
166.4567,0.4333,161.9133,0.39,159.1,0.3867,150.3933,0.3867,154.3133,0.35,158.2167,0.3567,158.61,0.4,150.7333,0.31,162.97,0.42,198.7367,0.4867,156.4833,0.3467,147.18,0.3567,154.5467,0.3867,150.5933,0.38,153.6833,0.3833,146.12,0.3633
167.5633,0.4133,163.0233,0.3967,160.1933,0.3967,151.4233,0.3533,155.35,0.3967,159.31,0.4033,159.71,0.4167,151.79,0.3267,164.0767,0.41,200.0767,0.4767,157.53,0.3367,148.1567,0.35,155.61,0.3867,151.6267,0.3833,154.7267,0.3833,147.12,0.3633
168.69,0.4467,164.1333,0.4033,161.28,0.38,152.45,0.3633,156.41,0.3467,160.39,0.39,160.7833,0.3867,152.7933,0.2967,165.2167,0.4133,201.3933,0.4767,158.61,0.3467,149.16,0.36,156.67,0.3833,152.6733,0.38,155.7933,0.3933,148.0967,0.3567
169.81,0.42,165.2033,0.4033,162.37,0.3867,153.5133,0.38,157.47,0.39,161.5167,0.4067,161.8867,0.3833,153.8233,0.3233,166.3867,0.4233,202.7433,0.4867,159.67,0.34,150.1733,0.36,157.7533,0.3967,153.7133,0.3933,156.8433,0.3933,149.0967,0.3633
170.9167,0.4133,166.27,0.4067,163.47,0.3867,154.57,0.35,158.5433,0.39,162.6167,0.4033,162.93,0.3967,154.8433,0.31,167.5133,0.43,204.0633,0.4967,160.78,0.3567,151.1633,0.3533,158.83,0.39,154.7533,0.38,157.8767,0.38,150.0833,0.37
172.0233,0.4067,167.3433,0.3733,164.57,0.39,155.59,0.3567,159.6367,0.4033,163.6967,0.37,164.0533,0.3967,155.8733,0.3133,168.6367,0.4133,205.4167,0.4867,161.88,0.34,152.1567,0.3533,159.9,0.3867,155.7967,0.39,158.9,0.38,151.0767,0.3567
173.1567,0.4267,168.44,0.4,165.7167,0.4,156.5767,0.37,160.6633,0.3367,164.78,0.4,165.15,0.42,156.91,0.3167,169.76,0.4267,206.7633,0.4867,162.9633,0.3433,153.17,0.36,160.9867,0.3967,156.8467,0.3933,159.9533,0.3767,152.0467,0.3567
174.3167,0.4233,169.5533,0.4067,166.8267,0.4,157.61,0.3867,161.72,0.38,165.8667,0.4,166.2567,0.3933,157.9367,0.3233,170.8733,0.4133,208.1033,0.5033,164.0433,0.35,154.18,0.35,162.0467,0.3933,157.8933,0.3833,161.0033,0.3933,153.0233,0.3567
175.4233,0.4167,170.65,0.4033,167.93,0.3933,158.64,0.37,162.76,0.3767,166.9367,0.3867,167.34,0.4367,158.9767,0.3233,172.02,0.42,209.4367,0.5,165.15,0.3533,155.1767,0.3733,163.1233,0.3933,158.9233,0.3667,162.04,0.3867,154.0,0.3633
176.53,0.4267,171.73,0.39,169.12,0.4067,159.6867,0.3667,163.8167,0.37,168.0067,0.3867,168.4167,0.39,159.9833,0.3167,173.1633,0.4033,210.7733,0.4733,166.23,0.3467,156.1767,0.35,164.1967,0.4,159.9467,0.38,163.1,0.38,155.0067,0.36
177.65,0.4033,172.82,0.4033,170.3333,0.42,160.76,0.3867,164.8967,0.3767,169.1167,0.4167,169.4833,0.4033,161.0067,0.3167,174.2667,0.41,212.1233,0.5033,167.3033,0.3433,157.1633,0.3667,165.32,0.4067,161.0,0.3767,164.13,0.3767,155.9833,0.3667
178.8367,0.4467,173.9467,0.3967,171.5167,0.4433,161.81,0.37,165.95,0.3933,170.2067,0.4067,170.5933,0.4267,162.0167,0.3033,175.37,0.4067,213.47,0.51,168.39,0.3433,158.2133,0.38,166.5467,0.45,162.03,0.3767,165.1633,0.3767,156.9833,0.36
179.99,0.45,175.0633,0.4067,173.0433,0.5867,162.8533,0.3767,167.0367,0.3933,171.31,0.41,171.69,0.41,163.0267,0.3033,176.4967,0.4167,214.8,0.4867,169.4733,0.3467,159.2,0.37,167.7433,0.46,163.07,0.3867,166.1767,0.39,157.9533,0.36
181.4867,0.19,176.16,0.39,174.1267,0.38,163.8667,0.3767,168.11,0.3933,172.46,0.4333,172.79,0.38,164.05,0.3067,177.5933,0.4033,216.13,0.4833,170.5433,0.3467,160.2333,0.36,168.8533,0.4133,164.1067,0.39,167.2367,0.38,158.93,0.3467
182.6767,0.4433,177.25,0.3967,175.2033,0.38,164.8967,0.37,169.1667,0.3833,173.55,0.3767,173.9167,0.4367,165.0567,0.31,178.6767,0.41,217.4733,0.4933,171.6367,0.3467,161.25,0.3667,169.9267,0.4,165.19,0.3867,168.2867,0.39,159.9233,0.37
183.7867,0.44,178.3833,0.4133,176.3133,0.3867,165.9,0.3733,170.2067,0.39,174.6533,0.3867,174.9867,0.39,166.11,0.3133,179.8067,0.4267,218.8267,0.4867,172.7067,0.3333,162.24,0.3467,170.9967,0.3833,166.2033,0.3967,169.3433,0.3867,160.9067,0.3567
184.9133,0.4367,179.4433,0.36,177.4367,0.39,166.9233,0.35,171.2833,0.3833,175.77,0.4133,176.0967,0.38,167.1167,0.32,180.9267,0.41,220.1667,0.4933,173.7933,0.34,163.2433,0.3633,172.07,0.37,167.24,0.4,170.3767,0.3767,161.8867,0.36
186.04,0.43,180.5267,0.39,178.5533,0.3967,167.9567,0.3467,172.3667,0.4067,176.8233,0.3533,177.1867,0.3867,168.1633,0.32,182.01,0.4,221.53,0.4833,174.8767,0.36,164.2267,0.3467,173.1333,0.3867,168.2967,0.4,171.4367,0.3933,162.86,0.3633
187.2067,0.43,181.6767,0.4067,179.6433,0.38,168.9533,0.3567,173.41,0.3667,177.91,0.41,178.2767,0.4067,169.19,0.33,183.1633,0.41,222.9033,0.49,175.9667,0.36,165.2167,0.33,174.1833,0.3933,169.3367,0.3867,172.49,0.3933,163.8267,0.3633
188.3467,0.44,182.7633,0.39,180.7233,0.3867,169.9833,0.3733,174.47,0.3767,179.0067,0.3833,179.3767,0.4067,170.2,0.3167,184.2433,0.4,224.3367,0.49,177.05,0.33,166.22,0.3567,175.2433,0.3967,170.3633,0.3933,173.53,0.38,164.8033,0.3533
189.51,0.4433,183.8567,0.4,181.8067,0.3767,170.99,0.3633,175.5033,0.38,180.1233,0.4033,180.47,0.4167,171.2233,0.3267,185.4,0.42,226.1933,0.5867,178.1767,0.33,167.2067,0.3433,176.2867,0.37,171.4,0.39,174.6033,0.3833,165.7967,0.3667
190.6633,0.44,184.9167,0.36,182.9167,0.3933,172.0033,0.37,176.6033,0.39,181.21,0.4,181.6067,0.44,172.2667,0.3233,186.5167,0.4067,227.6433,0.5133,179.3367,0.3533,168.1833,0.34,177.35,0.3967,172.4533,0.39,175.67,0.3933,166.8033,0.3767
191.8233,0.4467,185.99,0.4067,184.03,0.38,173.0033,0.3567,177.6567,0.3767,182.29,0.39,182.7767,0.4367,173.2833,0.3067,187.64,0.4167,228.9967,0.49,180.4233,0.3267,169.17,0.35,178.4133,0.38,173.4767,0.3867,176.75,0.4033,167.79,0.36
193.0,0.4633,187.13,0.4133,185.1233,0.3933,174.0533,0.3633,178.71,0.3533,183.4067,0.3933,183.8767,0.41,174.32,0.3233,188.77,0.4133,230.3733,0.5,181.58,0.2833,170.1633,0.3433,179.45,0.3867,174.5167,0.3867,177.7833,0.38,168.77,0.3533
194.1567,0.4567,188.2867,0.4,186.2367,0.4,175.08,0.3667,179.78,0.3633,184.5233,0.4033,184.9667,0.4067,175.3767,0.3133,189.87,0.4067,231.76,0.49,182.7033,0.34,171.1633,0.35,180.5067,0.3833,175.5367,0.39,178.8067,0.3633,169.7233,0.34
195.3033,0.43,189.3633,0.39,187.3433,0.3867,176.0933,0.3467,180.8367,0.3833,185.65,0.4133,186.08,0.3767,176.4267,0.3167,190.99,0.4167,233.16,0.49,183.81,0.34,172.15,0.3733,181.57,0.3833,176.5833,0.3833,179.86,0.3833,170.7267,0.3567
196.46,0.4233,190.4367,0.41,188.45,0.3867,177.12,0.3767,181.88,0.3733,186.77,0.4,187.2533,0.4133,177.4633,0.33,192.1433,0.43,234.5767,0.51,184.92,0.3433,173.1367,0.3533,182.62,0.3733,177.6233,0.3567,180.9233,0.3867,171.72,0.3567
197.6267,0.46,191.4867,0.36,189.5467,0.3733,178.1367,0.3567,182.9367,0.39,187.8667,0.3833,188.4567,0.4,178.52,0.3267,193.2833,0.4033,235.9567,0.5033,186.05,0.35,174.13,0.32,183.6933,0.3967,178.6633,0.3833,181.9933,0.3967,172.7333,0.3633
198.76,0.4233,192.6167,0.41,190.6567,0.39,179.16,0.3533,183.9833,0.3467,188.9433,0.3933,189.67,0.4367,179.5567,0.34,194.4333,0.4233,237.2967,0.4833,187.1733,0.35,175.1533,0.36,184.7667,0.39,179.7,0.3833,183.0567,0.4033,173.7267,0.3533
199.88,0.43,193.75,0.4167,191.7533,0.4,180.18,0.35,185.0567,0.4,190.0367,0.3833,190.9667,0.2833,180.58,0.3333,195.5433,0.4167,238.6433,0.48,188.28,0.36,176.1833,0.3733,185.8433,0.39,180.75,0.3867,184.08,0.3667,174.72,0.3633
201.0367,0.43,194.8633,0.2667,192.8567,0.4,181.21,0.3667,186.1133,0.3467,191.1833,0.4067,192.12,0.4367,181.6267,0.2933,196.6367,0.3933,239.9867,0.48,189.39,0.3433,177.2767,0.3933,186.89,0.3933,181.7833,0.37,185.1467,0.36,175.7267,0.37
202.1567,0.4433,196.14,0.4633,193.95,0.4067,182.2467,0.3633,187.1633,0.3967,192.3233,0.3867,193.2267,0.3833,182.67,0.3433,197.7767,0.4167,241.3633,0.4867,190.4933,0.35,178.38,0.3833,187.9467,0.3867,182.8333,0.3867,186.21,0.37,176.7633,0.36
203.28,0.4333,197.3433,0.4567,195.07,0.3967,183.2867,0.3567,188.24,0.3833,193.5633,0.4233,194.3367,0.4133,183.73,0.3233,198.9033,0.4133,242.75,0.4967,191.58,0.3367,179.5267,0.4333,188.9967,0.3733,183.8567,0.38,187.37,0.4167,177.8133,0.3633
204.41,0.42,198.5433,0.4467,196.18,0.4,184.3267,0.38,189.3367,0.4033,195.3367,0.5333,195.4233,0.3967,184.7433,0.3267,200.0533,0.42,244.1,0.47,192.7033,0.3433,180.58,0.39,190.05,0.38,184.8833,0.3867,188.4867,0.39,178.93,0.34
205.55,0.4533,199.7333,0.4167,197.31,0.3833,185.3433,0.3667,190.43,0.3833,196.5633,0.44,196.5333,0.41,185.7967,0.3333,201.2133,0.45,245.47,0.4767,193.81,0.34,181.61,0.3667,191.12,0.3767,185.9233,0.3867,189.69,0.3967,180.04,0.4233
206.69,0.45,200.8967,0.43,198.37,0.3767,186.3233,0.36,191.53,0.3833,197.73,0.4133,197.6367,0.4133,186.87,0.34,202.38,0.4233,246.8067,0.4733,194.9,0.3567,182.63,0.3667,192.1833,0.39,186.9567,0.39,190.7867,0.3767,181.1033,0.3767
207.8233,0.4367,202.04,0.42,199.49,0.3967,187.34,0.3633,192.6033,0.3833,198.9033,0.4333,198.7067,0.36,187.9267,0.3367,203.5267,0.4433,248.19,0.4967,196.0,0.35,183.61,0.3533,193.26,0.39,188.0,0.39,191.81,0.39,182.1133,0.3567
208.99,0.4433,203.12,0.37,200.5767,0.37,188.36,0.3433,193.6667,0.39,200.0367,0.4067,199.77,0.3933,189.01,0.3267,204.7133,0.4467,249.5533,0.47,197.13,0.3567,184.6067,0.3333,194.3033,0.3767,189.0267,0.3933,192.8733,0.3967,183.14,0.3767
210.13,0.44,204.2433,0.42,201.6633,0.3833,189.38,0.3667,194.74,0.3633,201.21,0.3967,200.8367,0.3867,190.05,0.3333,205.9167,0.4267,250.91,0.4833,198.2167,0.3367,185.6233,0.3433,195.37,0.3967,190.0633,0.38,193.9267,0.3967,184.18,0.3567
211.3,0.4533,205.3433,0.4133,202.74,0.3933,190.4033,0.36,195.8833,0.39,202.31,0.3967,201.9067,0.39,191.1,0.3433,207.1333,0.43,252.2467,0.4967,199.3133,0.37,186.6267,0.3767,196.44,0.39,191.0867,0.38,195.0333,0.4133,185.21,0.3533
212.43,0.4567,206.42,0.4067,203.8267,0.3867,191.42,0.3567,197.04,0.38,203.4333,0.4033,202.98,0.3967,192.1467,0.3167,208.5333,0.34,253.61,0.4833,200.4167,0.36,187.63,0.3533,197.5067,0.3933,192.1267,0.3867,196.1133,0.4,186.23,0.3767
213.6067,0.44,207.51,0.3667,204.9267,0.39,192.4433,0.3767,198.4367,0.4867,204.53,0.4,204.11,0.4233,193.2133,0.32,209.7367,0.43,254.9733,0.4967,201.5067,0.3433,188.6267,0.3567,198.5567,0.37,193.16,0.3833,197.16,0.3733,187.23,0.3667
214.7267,0.44,208.6133,0.4033,206.0767,0.3833,193.48,0.38,199.6067,0.3933,205.63,0.38,205.1633,0.3533,194.29,0.3233,210.9933,0.4433,256.37,0.4867,202.59,0.3467,189.6267,0.36,199.61,0.37,194.2,0.3833,198.1933,0.38,188.22,0.3667
215.8933,0.4533,209.7267,0.3867,207.1433,0.3967,194.51,0.38,200.7267,0.3767,206.7,0.3633,206.24,0.4033,195.36,0.3133,212.13,0.4133,257.7533,0.4933,203.6933,0.35,190.6433,0.3567,200.67,0.3867,195.2233,0.3833,199.24,0.3733,189.1933,0.3533
217.0233,0.4367,210.8167,0.3667,208.2467,0.3833,195.54,0.3833,201.8267,0.3967,207.82,0.4067,207.34,0.4133,196.3967,0.3233,213.2767,0.4267,259.11,0.4833,204.7767,0.3567,191.6433,0.3367,201.7433,0.38,196.2633,0.3767,200.3033,0.3933,190.1633,0.3567
218.1433,0.4333,211.9233,0.4167,209.3333,0.38,196.5533,0.37,202.9767,0.39,208.95,0.3967,208.42,0.3867,197.4733,0.33,214.4667,0.4233,260.4367,0.4867,205.8633,0.3433,192.6367,0.3633,202.82,0.3933,197.2867,0.3833,201.3867,0.4033,191.18,0.36
219.2533,0.43,213.0167,0.3733,210.4533,0.3933,197.5767,0.37,204.0833,0.3767,210.0633,0.4,209.5033,0.36,198.5367,0.3367,215.6433,0.4067,261.8367,0.51,206.95,0.3433,193.63,0.3567,203.8833,0.39,198.3333,0.3833,202.47,0.3867,192.2,0.3867
220.4033,0.44,214.1,0.3767,211.5367,0.3833,198.61,0.36,205.1767,0.3833,211.15,0.3867,210.5767,0.3767,199.6033,0.34,216.7767,0.4367,263.1867,0.4933,208.0133,0.3333,194.65,0.3433,204.9233,0.3833,199.3733,0.39,203.5533,0.3767,193.1667,0.3467
221.53,0.4333,215.1767,0.3633,212.6267,0.3867,199.61,0.34,206.2667,0.3867,212.23,0.3733,211.6867,0.3767,200.5867,0.3367,217.9167,0.41,264.53,0.4933,209.0767,0.3467,195.64,0.3567,205.99,0.3767,200.42,0.39,204.63,0.3933,194.1533,0.3667
222.64,0.4267,216.2833,0.4067,213.73,0.38,200.63,0.37,207.3433,0.39,213.35,0.4167,212.7433,0.37,201.6,0.33,219.0567,0.4133,265.86,0.4767,210.15,0.3467,196.63,0.37,207.06,0.3867,201.45,0.38,205.6867,0.3867,195.1367,0.36
223.79,0.44,217.38,0.3967,214.83,0.4033,201.6467,0.3433,208.4267,0.39,214.4667,0.3867,213.8433,0.38,202.6233,0.3267,220.17,0.4133,267.24,0.4933,211.2333,0.3433,197.6467,0.37,208.1233,0.3933,202.49,0.38,206.7633,0.3733,196.12,0.3533
224.9033,0.4367,218.4967,0.4,215.9333,0.3933,202.67,0.38,209.49,0.3833,215.5767,0.4067,214.92,0.3667,203.65,0.3167,221.35,0.4367,268.63,0.4967,212.34,0.33,198.6567,0.3533,209.19,0.3867,203.5233,0.38,207.81,0.3733,197.1,0.3567
226.0367,0.43,219.59,0.37,217.0567,0.39,203.67,0.36,210.5667,0.39,216.7033,0.4167,216.03,0.3933,204.75,0.3433,222.53,0.4267,269.9933,0.4933,213.41,0.3433,199.6167,0.35,210.2467,0.38,204.5533,0.39,208.87,0.37,198.09,0.3567
227.17,0.43,220.71,0.4267,218.1667,0.4,204.69,0.36,211.6467,0.3867,217.81,0.4033,217.1033,0.3867,205.8233,0.32,223.69,0.4433,271.3767,0.49,214.5,0.3367,200.6633,0.3767,211.3067,0.39,205.59,0.3767,209.9267,0.3667,199.0867,0.3667
228.3067,0.44,221.77,0.3967,219.2633,0.3967,205.7167,0.3567,212.6933,0.37,218.8967,0.39,218.2167,0.4067,206.9233,0.3367,224.83,0.4233,272.7167,0.49,215.5867,0.3367,201.6867,0.3767,212.3733,0.3767,206.6233,0.3767,210.9767,0.38,200.0433,0.3567
229.43,0.4367,222.87,0.3967,220.3533,0.3833,206.7267,0.3567,213.7267,0.38,220.0033,0.3967,219.3033,0.3767,207.9767,0.3333,225.9833,0.42,274.16,0.5267,216.67,0.3267,202.7133,0.37,213.4567,0.3833,207.6533,0.37,212.04,0.39,201.0267,0.36
230.5767,0.4367,223.9367,0.3833,221.46,0.3767,207.74,0.3533,214.8067,0.38,221.12,0.39,220.44,0.39,209.0267,0.32,227.1167,0.43,275.6133,0.52,217.7733,0.3467,203.7333,0.3567,214.5233,0.39,208.71,0.3867,213.1,0.37,201.99,0.3633
231.75,0.4533,225.0267,0.4133,222.5967,0.41,208.7433,0.36,215.8233,0.3633,222.26,0.4067,221.5267,0.37,210.07,0.3267,228.2533,0.4133,277.0633,0.5267,218.8733,0.3433,204.7,0.3367,215.5767,0.3733,209.75,0.39,214.1567,0.3767,202.9833,0.3567
232.9,0.4567,226.1133,0.3833,223.77,0.4033,209.7967,0.3633,216.8833,0.3933,223.37,0.41,222.6433,0.4067,211.1067,0.3133,229.3733,0.3933,278.43,0.51,219.9733,0.35,205.6767,0.34,216.6267,0.3867,210.7867,0.3833,215.2133,0.38,203.9867,0.3567
234.0533,0.4333,227.2433,0.4233,224.9,0.3967,210.8367,0.3433,217.9767,0.3967,224.49,0.4133,223.75,0.4033,212.1367,0.3033,230.47,0.4133,279.8233,0.5067,221.0633,0.32,206.67,0.3533,217.6833,0.3733,211.8167,0.3833,216.2933,0.39,204.9767,0.3633
235.3067,0.4533,228.3433,0.42,226.12,0.4233,211.8467,0.3633,219.04,0.3867,225.5933,0.4033,224.86,0.4033,213.16,0.3033,231.59,0.42,281.1933,0.4967,222.1767,0.3433,207.6633,0.3633,218.7833,0.3933,212.8633,0.3767,217.3667,0.39,205.9633,0.3667
236.56,0.46,229.46,0.3767,227.3133,0.2533,212.86,0.3467,220.0767,0.39,226.6833,0.3967,225.9733,0.3867,214.1767,0.33,232.6733,0.3933,282.5633,0.4933,223.2933,0.36,208.6433,0.35,219.8567,0.3867,213.9133,0.3933,218.4667,0.4033,206.9367,0.3567
237.89,0.4733,230.55,0.4067,228.4633,0.3833,213.8833,0.3533,221.15,0.39,227.7733,0.38,227.0433,0.3767,215.1833,0.31,233.7867,0.3967,283.9733,0.4967,224.3633,0.35,209.65,0.3667,220.9233,0.3933,214.9433,0.38,219.56,0.3933,207.91,0.36
239.07,0.4267,231.63,0.3733,229.5733,0.39,214.9133,0.3633,222.2233,0.3867,228.8733,0.3933,228.1633,0.41,216.2033,0.3067,234.88,0.41,285.36,0.4933,225.4567,0.3267,210.6367,0.3567,222.0433,0.4067,215.9967,0.38,220.6067,0.37,208.88,0.3533
240.2,0.4333,232.69,0.4,230.66,0.38,215.96,0.3433,223.3133,0.3833,229.9667,0.3833,229.2767,0.3567,217.2567,0.31,235.9867,0.3933,286.7367,0.4967,226.5567,0.3533,211.64,0.3633,223.1833,0.42,217.0633,0.3833,221.68,0.3967,209.87,0.3667
241.3233,0.4233,233.7433,0.38,231.7633,0.3967,217.0133,0.3667,224.41,0.4067,231.06,0.38,230.38,0.3867,218.3,0.33,237.1433,0.4233,288.09,0.4967,227.65,0.34,212.6067,0.3533,224.3667,0.4567,218.06,0.34,222.7433,0.3833,210.8833,0.3733
242.47,0.4367,234.8267,0.38,232.8333,0.39,218.1833,0.3533,225.48,0.39,232.1533,0.4033,231.48,0.37,219.33,0.31,238.2567,0.4133,289.45,0.4967,228.7733,0.3433,213.6067,0.34,225.5033,0.4267,219.12,0.4467,223.8167,0.3933,211.8833,0.3567
243.6333,0.44,235.88,0.3633,233.9133,0.3867,219.39,0.4533,226.5467,0.3933,233.2367,0.39,232.62,0.4333,220.35,0.3067,239.37,0.42,290.8333,0.5,229.8967,0.3433,214.58,0.3533,226.5833,0.4033,220.17,0.39,224.8567,0.37,212.8733,0.3767
244.7967,0.42,236.9633,0.3967,235.0467,0.3933,220.4433,0.37,227.6233,0.3833,234.3433,0.4,233.7567,0.3967,221.4,0.31,240.4533,0.39,292.2233,0.5067,231.0033,0.35,215.5667,0.3633,227.6633,0.3967,221.2033,0.4,225.8967,0.36,213.83,0.35
245.9,0.41,238.0,0.3833,236.14,0.3867,221.4967,0.3833,228.7133,0.3933,235.42,0.3867,234.8367,0.3767,222.42,0.3133,241.5867,0.4067,293.5967,0.4933,232.1,0.3367,216.55,0.3567,228.7633,0.4033,222.2233,0.37,226.9533,0.3833,214.8367,0.37
247.0433,0.43,239.0467,0.4033,237.25,0.3967,222.5333,0.3567,229.7867,0.3833,236.5167,0.3767,235.91,0.42,223.4567,0.3067,242.6733,0.3933,295.0267,0.4967,233.2,0.3467,217.5333,0.34,229.85,0.4067,223.2533,0.3767,227.9967,0.3733,215.8367,0.3767
248.1833,0.4233,240.09,0.3633,238.3567,0.3933,223.54,0.3467,230.8367,0.3767,237.58,0.3933,237.01,0.4133,224.49,0.31,243.7667,0.3933,296.5133,0.5433,234.35,0.35,218.55,0.37,230.9267,0.3867,224.29,0.38,229.0567,0.3567,216.82,0.3567
249.34,0.44,241.1167,0.3867,239.4667,0.39,224.5767,0.3533,231.9167,0.3667,238.6733,0.3933,238.1433,0.4367,225.47,0.29,244.87,0.4167,297.83,0.4333,235.4733,0.3467,219.56,0.3667,231.9967,0.4033,225.3033,0.38,230.11,0.38,217.85,0.3667
250.47,0.4367,242.2267,0.4067,240.56,0.3867,225.61,0.36,232.9433,0.3767,239.7733,0.3867,239.3033,0.4067,226.4867,0.3133,245.9967,0.4,299.2533,0.5233,236.6033,0.35,220.5367,0.37,233.0467,0.39,226.3367,0.39,231.15,0.3767,218.89,0.3667
251.6033,0.4467,243.3833,0.42,241.6667,0.39,226.65,0.3867,234.0033,0.38,240.8367,0.3733,240.4433,0.3933,227.4767,0.3067,247.1033,0.4067,,,237.8067,0.3433,221.4867,0.34,234.1267,0.3967,227.3833,0.38,232.2033,0.38,219.8567,0.3333
252.7267,0.4333,244.48,0.3967,242.7867,0.3867,227.67,0.3533,235.0733,0.3833,241.89,0.3733,241.5667,0.3733,228.49,0.3133,248.19,0.4067,,,238.98,0.3267,222.4467,0.3567,235.2033,0.4033,228.43,0.39,233.2433,0.3767,220.8633,0.3533
253.8633,0.4267,245.5633,0.4067,243.8467,0.3833,228.71,0.3833,236.1233,0.3833,242.99,0.3967,242.71,0.4333,229.4767,0.31,249.3167,0.43,,,240.2433,0.42,223.42,0.3467,236.2567,0.3833,229.45,0.3833,234.2933,0.3667,221.85,0.37
255.0033,0.4267,246.6667,0.4067,244.93,0.38,229.73,0.37,237.1867,0.39,244.0433,0.3867,243.8067,0.36,230.61,0.36,250.44,0.4067,,,241.4,0.3533,224.41,0.3667,237.31,0.3967,230.4767,0.3767,235.33,0.3633,222.8667,0.37
256.1033,0.4233,247.7933,0.41,246.03,0.4,230.73,0.35,238.2233,0.3633,245.1167,0.3933,244.95,0.3933,231.6033,0.3633,251.5467,0.4167,,,242.55,0.3367,225.4233,0.38,238.3533,0.38,231.5,0.3867,236.3633,0.3733,223.88,0.3767
257.2267,0.42,248.8933,0.4033,247.1233,0.3833,231.7367,0.37,239.28,0.3833,246.2033,0.3967,246.1033,0.3933,232.5967,0.3333,252.6667,0.4267,,,243.7033,0.3467,226.3933,0.3533,239.4233,0.4033,232.5333,0.3767,237.3867,0.3833,224.8433,0.34
258.3567,0.4167,249.97,0.39,248.2233,0.3967,232.74,0.3533,240.3067,0.3667,247.2567,0.36,247.2167,0.4133,233.5633,0.33,253.8133,0.4067,,,244.8033,0.3533,227.37,0.3567,240.4633,0.37,233.5667,0.38,238.4533,0.3767,225.83,0.3533
259.4967,0.43,251.1067,0.38,249.3167,0.39,233.7967,0.3767,241.3733,0.3767,248.3233,0.37,248.3533,0.4333,234.51,0.3033,254.9633,0.42,,,245.9033,0.3433,228.3233,0.34,241.5033,0.3933,234.61,0.3933,239.48,0.3767,226.8233,0.3533
260.6067,0.43,252.2567,0.42,250.4233,0.3967,234.7967,0.3467,242.4233,0.3867,249.4067,0.39,249.5433,0.4367,235.48,0.3133,256.1,0.4233,,,247.0233,0.3267,229.33,0.3533,242.5467,0.3833,235.6367,0.3833,240.5333,0.36,227.8167,0.3667
261.71,0.4167,253.43,0.38,251.5133,0.3933,235.7967,0.35,243.4867,0.3867,250.5133,0.3933,250.72,0.3967,236.45,0.31,257.23,0.41,,,248.1567,0.3433,230.34,0.3733,243.6,0.39,236.67,0.38,241.59,0.3767,228.83,0.38
262.8333,0.4133,254.76,0.37,252.6567,0.3933,236.8067,0.3467,244.51,0.37,251.6567,0.39,251.8267,0.3533,237.4333,0.3167,258.41,0.4267,,,249.28,0.3567,231.3433,0.3667,244.6667,0.3933,237.7033,0.38,242.65,0.3867,229.8067,0.3567
263.9633,0.42,256.0133,0.4667,253.7267,0.3933,237.81,0.3733,245.5867,0.4,252.7667,0.3933,253.0633,0.4733,238.4167,0.2967,259.6233,0.4367,,,250.41,0.3367,232.37,0.38,245.7133,0.3933,238.7467,0.39,243.7133,0.4033,230.8133,0.3467
265.06,0.43,257.22,0.4267,254.8233,0.3933,238.81,0.3467,246.6367,0.38,253.8633,0.3933,254.1833,0.3867,239.4367,0.3267,260.7467,0.4167,,,251.49,0.3433,233.43,0.38,246.7733,0.38,239.79,0.39,244.7833,0.3867,231.7967,0.36
266.1867,0.43,258.38,0.42,255.92,0.3967,239.79,0.37,247.7167,0.3867,255.02,0.3867,255.3333,0.4167,240.44,0.32,261.8833,0.3967,,,252.58,0.35,234.5633,0.4033,247.83,0.3933,240.83,0.3833,245.85,0.3767,232.8,0.3567
267.3167,0.44,259.5467,0.42,257.0133,0.3967,240.81,0.3633,248.7967,0.3867,256.19,0.38,256.4833,0.4167,241.3967,0.3067,263.08,0.4433,,,253.66,0.3367,235.6667,0.3767,248.89,0.39,241.8867,0.3833,246.92,0.3967,233.8433,0.3733
268.42,0.4267,260.7333,0.41,258.1567,0.4,241.84,0.3633,249.8533,0.3933,257.4267,0.35,257.6833,0.4633,242.38,0.3067,264.2233,0.4167,,,254.7567,0.3467,236.73,0.3933,249.95,0.3867,242.9367,0.3867,247.9833,0.38,234.91,0.3733
269.5567,0.4167,261.8733,0.43,259.2333,0.4,242.8667,0.37,250.8967,0.3933,258.7,0.48,258.7967,0.4467,243.3633,0.3167,265.3233,0.4267,,,255.87,0.33,237.7633,0.3733,251.0067,0.4,243.96,0.3933,249.05,0.3933,235.8767,0.3633
270.69,0.45,262.99,0.38,260.3167,0.3867,243.91,0.3567,251.9633,0.35,259.82,0.4033,259.9367,0.42,244.34,0.3033,266.44,0.3967,,,256.9467,0.35,238.8,0.3733,252.0667,0.3867,245.0167,0.39,250.1133,0.3633,237.23,0.42
271.8033,0.42,264.1133,0.42,261.4433,0.29,244.95,0.3767,253.02,0.3833,260.94,0.3767,261.09,0.44,245.2833,0.29,267.55,0.3967,,,258.01,0.3367,239.84,0.3767,253.1133,0.39,246.0633,0.3867,251.2167,0.3733,238.3567,0.39
272.9233,0.4167,265.2533,0.4033,262.5033,0.3633,245.97,0.3667,254.11,0.3867,262.0967,0.4,262.2633,0.4367,246.2667,0.32,268.74,0.43,,,259.0833,0.3467,240.88,0.3833,254.1767,0.3867,247.1233,0.4,252.3833,0.41,239.3833,0.37
274.0367,0.42,266.43,0.4467,263.6,0.37,247.0067,0.3567,255.2067,0.4,263.2667,0.41,263.4367,0.4233,247.2267,0.3167,269.8833,0.4133,,,260.1767,0.3333,241.9033,0.3633,255.21,0.38,248.17,0.38,253.69,0.4733,240.4033,0.37
275.1733,0.44,267.55,0.41,264.6833,0.32,248.0333,0.3833,256.27,0.3767,264.3967,0.4133,264.5467,0.4267,248.2167,0.31,271.0233,0.4233,,,261.24,0.3433,242.89,0.3533,256.2667,0.3767,249.23,0.3933,254.88,0.4867,241.4433,0.3633
276.3133,0.4433,268.6333,0.3933,265.79,0.3333,249.07,0.37,257.3633,0.3833,265.5267,0.38,265.6467,0.3967,249.2267,0.3133,272.2367,0.4267,,,262.3133,0.3233,243.9033,0.35,257.3167,0.3967,250.2667,0.38,256.0033,0.4133,242.47,0.3667
277.46,0.4233,269.7667,0.42,266.89,0.3967,250.13,0.3633,258.51,0.4167,266.6467,0.3967,266.78,0.44,250.1867,0.2933,273.45,0.4267,,,263.38,0.34,244.91,0.3367,258.37,0.3933,251.31,0.3833,257.1067,0.41,243.4667,0.3667
278.57,0.44,270.8667,0.3967,267.99,0.3933,251.1667,0.3733,259.5767,0.3567,267.8033,0.39,267.91,0.4133,251.19,0.32,274.87,0.4633,,,264.47,0.34,245.92,0.3667,259.4167,0.3967,252.36,0.3833,258.19,0.3933,244.4767,0.36
279.6567,0.4233,272.0267,0.4167,269.1467,0.3167,252.1767,0.3567,260.8033,0.4367,268.94,0.4033,269.0533,0.42,252.2233,0.3033,276.28,0.4867,,,265.5767,0.3367,246.9267,0.3833,260.49,0.39,253.4033,0.3767,259.3,0.3933,245.4433,0.34
280.7633,0.4167,273.1633,0.39,270.2233,0.3133,253.2033,0.3867,261.94,0.4133,270.2833,0.4667,270.21,0.4,253.22,0.2833,277.5267,0.42,,,266.68,0.3433,247.95,0.37,261.54,0.4,254.4367,0.3933,260.39,0.3867,246.43,0.35
281.8767,0.43,274.2567,0.4,271.33,0.3233,254.2333,0.36,263.0367,0.38,271.7567,0.5067,271.37,0.4167,254.2567,0.33,278.73,0.4467,,,267.79,0.3467,248.91,0.35,262.6133,0.4,255.4767,0.3767,261.47,0.4033,247.46,0.3633
282.9833,0.4233,275.3367,0.3933,272.4433,0.38,255.28,0.3667,264.1567,0.3933,273.27,0.53,272.4967,0.4033,255.3033,0.3133,279.9233,0.42,,,268.8833,0.3467,249.89,0.36,263.68,0.3933,256.52,0.3767,262.5567,0.38,248.47,0.36
284.0967,0.4233,276.4,0.38,273.5567,0.34,256.33,0.3867,265.26,0.4033,275.0967,0.5,273.67,0.42,256.34,0.3467,281.1767,0.4467,,,269.99,0.3433,250.9133,0.36,264.7467,0.4033,257.5533,0.3833,263.6433,0.4,249.4667,0.3667
285.21,0.4267,277.5233,0.4,274.6767,0.32,257.3233,0.3533,266.3533,0.3933,276.2633,0.43,274.8267,0.4,257.3833,0.3233,282.35,0.4267,,,271.09,0.34,251.94,0.37,265.7867,0.3867,258.59,0.3833,264.7233,0.3733,250.49,0.37
286.3367,0.4267,278.67,0.3967,275.79,0.3533,258.3333,0.3467,267.41,0.3733,277.37,0.4067,275.9833,0.4367,258.4033,0.3133,283.47,0.4133,,,272.1867,0.3333,252.93,0.3633,266.8233,0.3833,259.65,0.3833,265.77,0.35,251.48,0.3433
287.45,0.4167,279.7667,0.42,276.95,0.38,259.3567,0.3833,268.45,0.3833,278.5033,0.4,277.1067,0.43,259.44,0.3133,284.6433,0.4367,,,273.2833,0.35,253.9367,0.3733,267.9067,0.39,260.6867,0.3867,266.8433,0.3867,252.5,0.35
288.58,0.4167,280.9067,0.4167,278.0967,0.36,260.3567,0.3433,269.5433,0.3767,279.5867,0.39,278.2433,0.42,260.4467,0.3233,285.8367,0.4167,,,274.3767,0.3433,254.9533,0.3733,268.9667,0.3867,261.7333,0.3867,267.9,0.3733,253.53,0.3667
289.7067,0.4133,282.0,0.39,279.28,0.3567,261.4033,0.38,270.67,0.3967,280.63,0.38,279.3567,0.39,261.5133,0.3333,286.9933,0.4267,,,275.4633,0.3367,256.0033,0.3733,270.0067,0.3867,262.77,0.37,268.9567,0.3733,254.5633,0.38
290.8833,0.4267,283.0833,0.3867,280.4867,0.34,262.4067,0.36,271.7867,0.41,281.7167,0.4,280.4667,0.39,262.5667,0.3233,288.19,0.43,,,276.5667,0.3433,257.0367,0.38,271.0767,0.3867,263.8167,0.38,269.9967,0.3867,255.5367,0.3733
292.07,0.4233,284.21,0.4233,281.5933,0.31,263.41,0.36,272.84,0.4,282.81,0.3833,281.6133,0.3967,263.57,0.32,289.36,0.44,,,277.6567,0.33,258.07,0.3667,272.1433,0.39,264.87,0.3767,271.0467,0.38,256.5567,0.37
293.1433,0.4067,285.3267,0.42,283.0533,0.4867,264.44,0.3633,273.92,0.3767,283.9067,0.39,282.6833,0.3633,264.5967,0.3433,290.48,0.4133,,,278.7333,0.33,259.0967,0.38,273.2,0.3733,265.95,0.4033,272.1233,0.3967,257.5467,0.36
294.5067,0.5667,286.4533,0.3967,284.19,0.4267,265.4467,0.37,274.9833,0.4,284.99,0.3833,283.81,0.4067,265.6067,0.3233,291.6433,0.43,,,279.8033,0.3467,260.13,0.3633,274.2833,0.4033,267.0067,0.3933,273.2033,0.39,258.55,0.3533
295.6933,0.4567,287.5333,0.38,285.26,0.4067,266.46,0.3567,276.0267,0.3867,286.0867,0.3933,284.92,0.38,266.6333,0.3267,292.7633,0.41,,,280.8933,0.34,261.1567,0.36,275.3667,0.3967,268.0567,0.3867,274.2667,0.3967,259.5233,0.3533
296.8667,0.4433,288.6067,0.4067,286.34,0.2933,267.4633,0.3633,277.1167,0.3533,287.2067,0.3933,286.0233,0.4067,267.67,0.3233,293.9367,0.43,,,281.95,0.3367,262.1667,0.38,276.45,0.4067,269.11,0.38,275.3167,0.38,260.5067,0.36
298.0867,0.4833,289.7233,0.3767,287.4833,0.3833,268.4767,0.3533,278.21,0.3933,288.28,0.3867,287.1267,0.3967,268.73,0.3333,295.1067,0.4167,,,283.0133,0.3267,263.1967,0.3733,277.5233,0.39,270.18,0.39,276.3567,0.38,261.5133,0.37
299.3333,0.4533,290.85,0.4033,288.5667,0.3767,269.4433,0.3567,279.2833,0.3933,289.3767,0.3733,288.26,0.42,269.79,0.33,296.2467,0.4267,,,284.1033,0.3367,264.2,0.3633,278.6433,0.4,271.31,0.43,277.42,0.3767,262.52,0.3667
,,292.0567,0.4833,289.7233,0.3567,270.46,0.35,280.35,0.3867,290.5,0.4167,289.3833,0.4233,270.83,0.3067,297.4033,0.4333,,,285.16,0.3333,265.1967,0.3633,279.8133,0.4367,272.3733,0.4133,278.5,0.38,263.51,0.3533
,,293.1767,0.4167,290.84,0.3367,271.4767,0.3633,281.41,0.39,291.5733,0.3833,290.49,0.43,271.8433,0.3167,298.6,0.4367,,,286.2433,0.3333,266.2,0.3733,280.9967,0.4533,273.4233,0.3967,279.57,0.39,264.5133,0.37
,,294.2833,0.41,291.95,0.3533,272.48,0.36,282.5033,0.3933,292.6733,0.41,291.5733,0.4,272.89,0.3167,299.7633,0.42,,,287.3567,0.3467,267.2233,0.3733,282.0933,0.3967,274.47,0.3933,280.6633,0.4067,265.5067,0.36
,,295.4033,0.41,293.06,0.4133,273.5233,0.3733,283.5833,0.3967,293.7733,0.3767,292.6767,0.38,273.8967,0.32,,,,,288.4667,0.3433,268.2367,0.3733,283.16,0.4033,275.5267,0.3867,281.7267,0.3967,266.5167,0.3667
,,296.4867,0.4133,294.1767,0.3633,274.5633,0.37,284.6367,0.35,294.8567,0.3933,293.8,0.4,274.8867,0.3067,,,,,289.5567,0.3467,269.2567,0.37,284.2067,0.3833,276.56,0.3733,282.7933,0.38,267.51,0.3667
,,297.6033,0.4167,295.2767,0.3233,275.61,0.4,285.7467,0.37,295.9767,0.3567,294.9533,0.4433,275.9133,0.3367,,,,,290.6567,0.3433,270.29,0.38,285.2733,0.39,277.6167,0.4,283.8533,0.3933,268.5,0.36
,,298.6833,0.3867,296.3933,0.3467,276.6333,0.3833,286.8133,0.3667,297.1067,0.36,296.0967,0.4467,276.9367,0.3167,,,,,291.7433,0.3433,271.3,0.3567,286.37,0.4,278.66,0.38,284.91,0.3833,269.48,0.35
,,299.7933,0.3767,297.5233,0.3533,277.6667,0.3667,287.8867,0.3667,298.19,0.34,297.1967,0.4067,277.9667,0.32,,,,,292.8533,0.3333,272.3267,0.3767,287.4533,0.3967,279.6933,0.39,285.98,0.3933,270.48,0.3667
,,,,298.66,0.3767,278.69,0.36,288.96,0.3633,299.3033,0.3667,298.2933,0.3933,279.01,0.3267,,,,,294.0133,0.3433,273.33,0.3533,288.53,0.41,280.7433,0.3833,287.0233,0.37,271.47,0.35
,,,,,,279.73,0.36,290.02,0.3867,,,299.4167,0.4233,280.03,0.3433,,,,,295.16,0.3433,274.3433,0.3767,289.5833,0.38,281.78,0.3833,288.1133,0.4067,272.4667,0.3667
,,,,,,280.8,0.4,291.12,0.3967,,,,,281.0567,0.31,,,,,296.02,0.26,275.3433,0.3667,290.66,0.38,282.8433,0.3867,289.1967,0.39,273.4567,0.37
,,,,,,281.8767,0.3767,292.1967,0.3633,,,,,282.07,0.3067,,,,,297.05,0.19,276.37,0.3833,291.72,0.38,283.8767,0.3833,290.27,0.3767,274.4533,0.3533
,,,,,,282.9067,0.36,293.2967,0.4033,,,,,283.1133,0.3133,,,,,298.2067,0.3367,277.36,0.3533,292.8,0.3967,284.9167,0.3733,291.3233,0.39,275.4367,0.3667
,,,,,,283.9433,0.36,294.3967,0.37,,,,,284.18,0.3367,,,,,299.3,0.3433,278.3833,0.37,293.8567,0.3833,285.9633,0.3867,292.3767,0.38,276.45,0.38
,,,,,,284.99,0.3733,295.4767,0.3367,,,,,285.2167,0.31,,,,,,,279.4033,0.3833,294.9233,0.3867,287.0133,0.38,293.4233,0.3867,277.47,0.37
,,,,,,286.1033,0.3833,296.5133,0.3933,,,,,286.2633,0.32,,,,,,,280.43,0.3767,295.9867,0.3867,288.0733,0.3867,294.5,0.3767,278.4733,0.3633
,,,,,,287.48,0.39,297.56,0.35,,,,,287.2833,0.32,,,,,,,281.4367,0.38,297.0467,0.38,289.1367,0.39,295.5633,0.39,279.4767,0.3667
,,,,,,288.59,0.2733,298.6,0.3867,,,,,288.31,0.2867,,,,,,,282.4233,0.3667,298.0967,0.3567,290.16,0.3833,296.6133,0.3767,280.4633,0.3567
,,,,,,289.71,0.4133,,,,,,,289.34,0.3167,,,,,,,283.44,0.3567,299.1533,0.3833,291.2133,0.3833,297.6533,0.3867,281.4567,0.35
,,,,,,290.8,0.3633,,,,,,,290.3633,0.2967,,,,,,,284.4433,0.3533,,,292.27,0.3833,298.71,0.3767,282.44,0.3533
,,,,,,291.8433,0.3667,,,,,,,291.41,0.3133,,,,,,,285.4533,0.3633,,,293.3367,0.3867,,,283.4333,0.36
,,,,,,292.93,0.3767,,,,,,,292.44,0.3167,,,,,,,286.47,0.37,,,294.3767,0.39,,,284.4167,0.3667
,,,,,,293.9767,0.36,,,,,,,293.46,0.3033,,,,,,,287.47,0.3633,,,295.4233,0.3833,,,285.3967,0.36
,,,,,,294.9967,0.35,,,,,,,294.4967,0.3,,,,,,,288.4567,0.3533,,,296.4633,0.3767,,,286.4,0.3433
,,,,,,295.9867,0.3467,,,,,,,295.5067,0.2933,,,,,,,289.5067,0.37,,,297.5167,0.3867,,,287.4067,0.3533
,,,,,,296.9967,0.3467,,,,,,,296.4967,0.31,,,,,,,290.5667,0.3633,,,298.57,0.3833,,,288.3933,0.3567
,,,,,,298.0167,0.37,,,,,,,297.5033,0.3167,,,,,,,291.6933,0.4033,,,,,,,289.38,0.34
,,,,,,299.0567,0.36,,,,,,,298.4867,0.3267,,,,,,,292.8367,0.4033,,,,,,,290.36,0.3633
,,,,,,,,,,,,,,299.4767,0.32,,,,,,,293.9167,0.3867,,,,,,,291.3867,0.37
,,,,,,,,,,,,,,,,,,,,,,294.9533,0.37,,,,,,,292.4433,0.3833
,,,,,,,,,,,,,,,,,,,,,,295.97,0.3733,,,,,,,293.5067,0.37
,,,,,,,,,,,,,,,,,,,,,,296.9933,0.3767,,,,,,,294.5167,0.2833
,,,,,,,,,,,,,,,,,,,,,,298.0367,0.35,,,,,,,295.6167,0.3967
,,,,,,,,,,,,,,,,,,,,,,299.0567,0.3533,,,,,,,296.67,0.39
,,,,,,,,,,,,,,,,,,,,,,,,,,,,,,297.73,0.3833
,,,,,,,,,,,,,,,,,,,,,,,,,,,,,,298.75,0.3633
