time_s0,RF_swing_s0,time_s1,RF_swing_s1,time_s2,RF_swing_s2,time_s3,RF_swing_s3,time_s4,RF_swing_s4,time_s5,RF_swing_s5,time_s6,RF_swing_s6,time_s7,RF_swing_s7,time_s8,RF_swing_s8,time_s9,RF_swing_s9,time_s10,RF_swing_s10,time_s11,RF_swing_s11,time_s12,RF_swing_s12,time_s13,RF_swing_s13,time_s14,RF_swing_s14
22.6367,0.3233,22.55,0.34,21.9967,0.2867,22.37,0.3533,21.9267,0.2733,21.77,0.33,22.2933,0.38,22.18,0.3533,22.94,0.5167,22.4633,0.4833,22.32,0.3733,21.6433,0.3833,22.6633,0.73,22.5267,0.39,22.9767,0.38
23.7767,0.3233,23.7467,0.36,22.9667,0.25,23.5167,0.37,22.9133,0.3467,22.8767,0.35,23.3733,0.3333,23.31,0.3467,24.3,0.4967,23.7767,0.4567,23.2767,0.3667,22.6933,0.3733,24.1267,0.6733,23.6433,0.3867,24.36,0.59
24.8633,0.3533,24.9433,0.34,24.0033,0.3367,24.6933,0.3467,23.8767,0.36,24.0833,0.38,24.4367,0.35,24.3867,0.4,25.6767,0.49,25.0333,0.45,24.2633,0.3667,23.76,0.3867,25.6033,0.72,24.7167,0.3667,25.6433,0.42
25.9467,0.3267,26.1167,0.3433,24.9467,0.2667,25.8767,0.3733,24.8,0.2933,25.1667,0.3133,25.4867,0.35,25.4767,0.3933,27.2167,0.62,26.31,0.4633,25.23,0.3633,24.79,0.4067,27.0567,0.72,25.84,0.3433,27.05,0.4633
26.9767,0.3433,27.26,0.3533,25.95,0.2533,26.9767,0.34,25.7733,0.29,26.3433,0.3633,26.5467,0.3,26.58,0.3833,28.6233,0.54,27.58,0.4433,26.2233,0.38,25.85,0.3967,28.4767,2.5067,26.9733,0.3933,28.36,0.3967
28.1067,0.3733,28.3667,0.3467,26.8933,0.26,28.2133,0.3567,26.7733,0.3333,27.41,0.33,27.62,0.3867,27.6567,0.39,29.9467,0.4967,28.8467,0.45,27.1767,0.36,27.0467,0.4767,29.7967,0.8833,28.04,0.3867,29.7333,0.4233
29.2567,0.38,29.52,0.35,27.98,0.2533,29.3767,0.3533,27.77,0.2767,28.51,0.4133,28.6833,0.36,28.7533,0.33,31.2133,0.47,30.1133,0.4367,28.1433,0.35,28.0633,0.34,31.11,0.9567,29.1033,0.35,31.0633,0.4433
30.3367,0.3667,30.6467,0.3533,28.8833,0.2267,30.5867,0.38,28.73,0.33,29.6233,0.37,29.74,0.3167,29.8333,0.3833,32.4933,0.48,31.4133,0.4633,29.1033,0.3567,29.1333,0.38,32.4333,0.9567,30.1933,0.3767,32.3367,0.36
31.5033,0.3867,31.8367,0.3033,29.8233,0.22,31.7067,0.3567,29.6967,0.29,30.7533,0.3267,30.81,0.35,31.0333,0.36,33.7433,0.5,32.6333,0.43,30.1,0.3667,30.18,0.38,33.65,1.8833,31.4,0.39,33.6467,0.4567
32.6333,0.39,33.01,0.2967,30.7867,0.2367,32.8867,0.35,30.65,0.29,31.86,0.4067,31.88,0.3467,32.19,0.3533,34.95,0.4733,33.8867,0.45,31.1233,0.3767,31.27,0.3967,34.8833,0.6267,32.6167,0.4033,34.8267,0.3767
33.73,0.3233,34.1633,0.35,31.7167,0.2433,34.1033,0.42,31.5833,0.28,32.97,0.3333,32.9633,0.3667,33.3467,0.3867,36.25,0.4767,35.1233,0.4433,32.07,0.3633,32.3467,0.4167,36.02,0.5267,33.8233,0.3867,36.03,0.3167
34.8633,0.39,35.3633,0.36,32.68,0.2467,35.32,0.3667,32.5533,0.3333,34.0967,0.33,34.0267,0.37,34.4233,0.3833,37.5067,0.4867,36.4467,0.4533,33.0433,0.3567,33.4067,0.3933,37.2967,0.5867,35.0833,0.42,37.32,0.41
35.8967,0.31,36.5233,0.3567,33.6567,0.2633,36.5167,0.3567,33.54,0.29,35.2467,0.3533,35.0567,0.3033,35.51,0.34,38.7833,0.4933,37.7567,0.4667,34.0033,0.3667,34.4667,0.3967,38.5167,0.54,36.3367,0.4033,38.61,0.4033
36.96,0.3033,37.6367,0.2967,34.6333,0.2367,37.6967,0.3467,34.5567,0.2767,36.4167,0.3933,36.0767,0.3367,36.6367,0.3433,40.0933,0.5333,39.01,0.4633,34.9733,0.3667,35.5733,0.3733,39.7633,0.5767,37.4733,0.3667,39.9033,0.3533
38.08,0.3867,38.79,0.3533,35.6333,0.2367,38.89,0.3633,35.5533,0.34,37.6033,0.39,37.14,0.3167,37.7433,0.3733,41.32,0.4667,40.3667,0.4667,35.9733,0.3767,36.63,0.4033,41.02,0.63,38.7133,0.4167,41.1967,0.4233
39.1933,0.3467,39.8967,0.28,36.5567,0.2533,40.0567,0.3533,36.49,0.2767,38.7633,0.3533,38.2567,0.3667,38.8967,0.4033,42.6133,0.48,41.59,0.43,36.9667,0.3767,37.6633,0.3367,42.18,0.4233,39.91,0.3867,42.3733,0.3167
40.3067,0.3367,41.0733,0.3,37.5633,0.24,41.24,0.3567,37.3967,0.27,39.8833,0.3,39.3567,0.4033,40.0767,0.3767,43.88,0.4967,42.8233,0.43,37.9333,0.3533,38.7467,0.3967,43.39,0.5333,41.0933,0.3733,43.7633,0.4433
41.46,0.38,42.27,0.3467,38.4867,0.24,42.3867,0.3433,38.38,0.2967,41.0167,0.3767,40.3767,0.3033,41.1767,0.3533,45.1567,0.48,44.0667,0.43,38.8733,0.3567,39.8267,0.4033,44.59,0.5367,42.2667,0.38,45.1067,0.4433
42.5,0.3533,43.36,0.2933,39.4467,0.26,43.55,0.36,39.35,0.3367,42.1833,0.37,41.44,0.3633,42.2533,0.3767,46.4233,0.5133,45.2867,0.44,39.8267,0.3567,40.9167,0.4,45.7433,0.5,43.4667,0.3767,46.44,0.43
43.5667,0.37,44.51,0.3167,40.5033,0.2533,44.7267,0.3667,40.31,0.28,43.35,0.3233,42.47,0.3367,43.41,0.35,47.6867,0.4767,46.5633,0.4533,40.75,0.3533,41.97,0.41,46.97,0.5067,44.64,0.38,47.8667,0.4167
44.6667,0.3367,45.6833,0.34,41.5767,0.2767,45.88,0.37,41.2633,0.2767,44.4967,0.3367,43.5,0.37,44.5,0.3267,48.8667,0.4467,47.8067,0.4333,41.69,0.35,43.01,0.3933,48.2367,0.55,45.8333,0.41,49.2767,0.4133
45.7567,0.3533,46.8633,0.3467,42.62,0.2967,47.1167,0.3367,42.2567,0.2833,45.6033,0.3633,44.6233,0.38,45.5667,0.3433,50.05,0.4233,49.06,0.45,42.6633,0.37,44.08,0.4,49.43,0.5133,46.9367,0.3567,50.4,0.2667
46.8433,0.3667,48.03,0.32,43.59,0.22,48.2967,0.33,43.2433,0.27,46.7033,0.3667,45.7533,0.3867,46.7167,0.3867,51.29,0.4967,50.2867,0.4533,43.6633,0.37,45.1567,0.3867,50.6733,0.5033,48.0667,0.3533,51.7433,0.3533
47.92,0.35,49.2767,0.3733,44.6567,0.3267,49.4633,0.32,44.14,0.3067,47.8567,0.3633,46.83,0.36,47.8633,0.37,52.5167,0.4833,51.5367,0.4433,44.6633,0.3667,46.2367,0.4,51.8767,0.4967,49.2367,0.3733,53.1267,0.4233
49.0333,0.37,50.4467,0.3567,45.6233,0.2367,50.6533,0.3667,45.0933,0.2933,48.97,0.3933,47.8367,0.3467,49.0367,0.3833,53.7367,0.4833,52.8,0.46,45.59,0.36,47.2967,0.3867,53.1267,0.5533,50.33,0.3633,54.51,0.4667
50.0567,0.33,51.63,0.3467,46.5967,0.2367,51.8367,0.35,46.0233,0.2933,50.1067,0.3967,48.9667,0.3467,50.18,0.3533,55.03,0.47,53.99,0.43,46.55,0.3567,48.3,0.38,54.21,0.43,51.56,0.3933,55.7833,0.38
51.18,0.3633,52.8233,0.3633,47.6133,0.2867,52.99,0.3633,46.9867,0.3033,51.24,0.3767,50.02,0.3167,51.3667,0.3733,56.26,0.49,55.2033,0.43,47.5167,0.37,49.38,0.4,55.39,0.4667,52.7967,0.3233,57.16,0.41
52.2667,0.3367,53.99,0.34,48.6033,0.2433,54.1167,0.3533,47.94,0.2933,52.3967,0.38,51.1167,0.35,52.5367,0.35,57.4967,0.49,56.4033,0.4467,48.52,0.36,50.3933,0.3933,56.5467,0.4367,53.95,0.3667,58.5467,0.4333
53.3967,0.36,55.1967,0.3833,49.5833,0.2367,55.2767,0.3633,48.91,0.3267,53.4967,0.3567,52.18,0.3633,53.68,0.3733,58.8133,0.52,57.6433,0.4467,49.52,0.3667,51.4667,0.4067,57.63,0.3433,55.1567,0.37,59.9433,0.4767
54.4967,0.3533,56.38,0.3633,50.51,0.25,56.3767,0.2833,49.9033,0.29,54.6633,0.3467,53.2033,0.2667,54.8167,0.3733,60.0367,0.5,58.8767,0.4267,50.5367,0.3767,52.5167,0.39,58.7067,0.42,56.3133,0.3667,61.19,0.29
55.58,0.3933,57.62,0.37,51.45,0.2433,57.5167,0.32,50.8667,0.29,55.7767,0.3533,54.2733,0.35,55.88,0.37,61.2967,0.4833,60.1233,0.4267,51.5833,0.3833,53.5433,0.3833,59.8267,0.4767,57.4533,0.3667,62.5433,0.4767
56.6767,0.3367,58.8033,0.3067,52.43,0.2733,58.7,0.3767,51.7967,0.2933,56.9367,0.37,55.3567,0.36,56.99,0.3433,62.5033,0.4433,61.34,0.44,52.54,0.3667,54.61,0.38,60.9233,0.35,58.5867,0.3367,64.0,0.4767
57.7267,0.2867,59.9367,0.3433,53.39,0.2433,59.8767,0.3767,52.77,0.2767,58.05,0.3467,56.42,0.33,58.0833,0.3567,63.74,0.4733,62.57,0.46,53.48,0.3667,55.6433,0.3833,61.9833,0.4667,59.78,0.3733,65.21,0.42
58.8333,0.41,61.07,0.34,54.4,0.2633,61.0233,0.3633,53.6833,0.27,59.13,0.3167,57.5433,0.3767,59.1567,0.38,64.9933,0.4933,63.8233,0.4433,54.4767,0.37,56.6933,0.4067,63.1633,0.4967,60.9067,0.38,66.6867,0.4767
59.9333,0.3433,62.2533,0.36,55.58,0.3067,62.1633,0.3633,54.6233,0.2967,60.2667,0.3433,58.6367,0.3367,60.26,0.36,66.18,0.4767,65.0267,0.4467,55.43,0.3633,57.7233,0.3833,64.24,0.3933,62.07,0.38,68.1233,0.4767
61.02,0.34,63.4133,0.34,56.7867,0.3767,63.3,0.33,55.58,0.32,61.3767,0.2967,59.71,0.33,61.3667,0.34,67.36,0.47,66.2367,0.4533,56.41,0.3667,58.7367,0.3767,65.41,0.5033,63.24,0.4,69.5667,0.4233
62.0733,0.33,64.6133,0.38,57.9567,0.3433,64.43,0.3633,56.56,0.28,62.4433,0.28,60.83,0.3567,62.4367,0.3233,68.56,0.48,67.4433,0.44,57.3867,0.3667,59.7933,0.39,66.5033,0.44,64.3233,0.3733,70.9933,0.4533
63.1633,0.32,65.8,0.3567,59.1,0.3167,65.5867,0.3867,57.49,0.2733,63.6633,0.4133,61.85,0.3833,63.5033,0.34,69.75,0.4433,68.6967,0.4567,58.39,0.38,60.7933,0.38,67.68,0.52,65.3967,0.36,72.3167,0.3733
64.2567,0.3467,66.96,0.3667,60.2933,0.2333,66.71,0.36,58.4033,0.32,64.82,0.36,62.98,0.3367,64.62,0.3567,71.0733,0.5167,69.9033,0.4333,59.3567,0.3633,61.8433,0.3833,68.7433,0.4167,66.4967,0.3333,73.6833,0.4567
65.3233,0.3333,68.14,0.3767,61.2967,0.2567,67.9067,0.3633,59.3,0.2633,66.0067,0.4067,64.0567,0.3533,65.7433,0.3467,72.3767,0.51,71.1267,0.4267,60.3433,0.3667,62.91,0.39,69.8833,0.4767,67.57,0.3633,74.92,0.3367
66.4233,0.3367,69.2833,0.33,62.3767,0.33,69.1,0.37,60.24,0.33,67.11,0.3267,65.0467,0.3267,66.8667,0.31,73.5633,0.4867,72.3,0.4033,61.29,0.3633,63.9133,0.37,71.0467,0.4833,68.6333,0.2433,76.1033,0.3633
67.53,0.3567,70.4633,0.37,63.4633,0.3167,70.2633,0.3833,61.24,0.3067,68.2833,0.3067,66.1467,0.3033,67.95,0.36,74.72,0.43,73.53,0.4467,62.26,0.3567,64.9467,0.3867,72.1933,0.4933,69.7467,0.3733,77.07,0.3467
68.63,0.34,71.61,0.3467,64.52,0.2767,71.4433,0.3733,62.2433,0.3367,69.4333,0.3133,67.17,0.38,69.06,0.4,75.8667,0.44,74.7633,0.44,63.2067,0.3533,65.98,0.37,73.3433,0.4933,70.8033,0.2733,77.8033,0.22
69.7133,0.35,72.7967,0.3667,65.6,0.31,72.59,0.38,63.28,0.3233,70.51,0.4033,68.2367,0.3067,70.24,0.4233,77.09,0.4633,75.99,0.4267,64.1533,0.3367,67.07,0.4,74.4867,0.4833,71.9567,0.37,78.74,0.2933
70.7967,0.3533,73.9833,0.2933,66.65,0.27,73.7433,0.3533,64.2733,0.2933,71.65,0.4233,69.3233,0.34,71.37,0.38,78.3467,0.48,77.2567,0.4833,65.1467,0.3667,68.1233,0.39,75.71,0.52,73.0233,0.3733,79.9333,0.34
71.9167,0.3967,75.1633,0.3667,67.7367,0.3067,74.91,0.36,65.2167,0.2867,72.77,0.3267,70.4367,0.3533,72.4833,0.3533,79.54,0.4667,78.51,0.4467,66.13,0.3533,69.1633,0.3767,76.9067,0.52,74.0933,0.3567,81.1567,0.3267
73.0367,0.39,76.3733,0.36,68.7533,0.28,76.1367,0.37,66.2167,0.34,73.8867,0.3967,71.52,0.3967,73.65,0.3833,80.7833,0.4533,79.7167,0.4267,67.1467,0.38,70.2767,0.4,77.99,0.45,75.2267,0.36,82.2967,0.3867
74.05,0.3033,77.5033,0.3,69.7833,0.27,77.3333,0.35,67.2167,0.3133,75.02,0.3233,72.64,0.38,74.7833,0.3467,82.0433,0.4967,80.97,0.4467,68.1533,0.3633,71.38,0.4067,79.12,0.4867,76.3967,0.3833,83.6667,0.4433
75.1333,0.36,78.66,0.3567,70.82,0.27,78.4633,0.1133,68.2433,0.3567,76.1533,0.3733,73.7033,0.3567,75.9033,0.3167,83.2767,0.4933,82.2633,0.46,69.2833,0.38,72.43,0.39,80.1967,0.4,77.6567,0.4067,85.0067,0.4267
76.2833,0.37,79.8467,0.3433,71.82,0.2767,79.8267,0.19,69.23,0.3533,77.3033,0.3567,74.7733,0.3567,77.03,0.3567,84.5367,0.4933,83.5467,0.4467,70.4667,0.4633,73.49,0.38,81.35,0.51,78.8533,0.4233,86.34,0.35
77.3667,0.37,81.0367,0.3633,72.8233,0.2433,81.07,0.4133,70.25,0.2967,78.3967,0.33,75.8267,0.35,78.1367,0.34,85.83,0.5133,84.93,0.47,71.7,0.4167,74.5867,0.3967,82.4167,0.4067,80.12,0.4067,87.7233,0.4
78.4233,0.3367,82.1933,0.3033,73.8567,0.2533,82.2733,0.3667,71.2267,0.3833,79.6133,0.4033,76.9067,0.3333,79.25,0.3433,87.1167,0.5033,87.0433,0.59,72.97,0.44,75.67,0.3867,83.5567,0.53,81.2867,0.3967,88.9033,0.38
79.4833,0.3367,83.44,0.34,74.9133,0.2567,83.4367,0.3733,72.2233,0.3067,80.7633,0.3533,77.9433,0.3167,80.3967,0.3633,88.39,0.49,88.51,0.5167,74.0633,0.43,76.9433,0.4233,84.6967,0.49,82.5333,0.4333,90.22,0.38
80.5367,0.35,84.6033,0.3333,75.9167,0.1933,84.63,0.3867,73.22,0.3433,81.9033,0.3867,78.99,0.2967,81.5233,0.3733,89.65,0.4833,89.8533,0.45,75.14,0.4133,78.2267,0.4667,85.8233,0.4667,83.7133,0.39,91.4533,0.4167
81.6233,0.3267,85.77,0.3733,76.9,0.2733,85.8167,0.39,74.2,0.2867,83.0433,0.3967,80.0233,0.3667,82.61,0.36,90.8667,0.4433,91.16,0.4533,76.2467,0.3767,79.37,0.4033,86.89,0.37,84.87,0.38,92.5833,0.3267
82.74,0.3833,86.92,0.3233,77.92,0.3,87.0267,0.4267,75.2333,0.2933,84.2167,0.3467,81.1633,0.3533,83.7233,0.35,92.1367,0.5167,92.4,0.4467,77.31,0.41,80.5167,0.4167,88.0967,0.5267,86.0567,0.39,93.8533,0.4267
83.8133,0.3133,88.14,0.38,78.9067,0.27,88.1867,0.3667,76.2267,0.3,85.3833,0.3767,82.1967,0.34,84.85,0.3867,93.42,0.5,93.63,0.4333,78.34,0.3667,81.63,0.3867,89.31,0.53,87.2033,0.3933,95.05,0.3967
84.9,0.3633,89.4867,0.3067,79.87,0.2467,89.34,0.38,77.2033,0.26,86.5633,0.3033,83.27,0.3033,86.0967,0.3867,94.67,0.4967,94.9033,0.4533,79.3533,0.3767,82.7433,0.35,90.45,0.4233,88.36,0.4033,96.3833,0.3967
86.0367,0.3333,91.64,0.3133,80.8733,0.2533,90.4767,0.3767,78.2567,0.37,87.74,0.3367,84.3567,0.35,87.2567,0.37,95.9333,0.47,96.1767,0.4833,80.3533,0.3733,83.8733,0.38,91.7467,0.5767,89.5267,0.4067,97.73,0.3933
87.0567,0.3633,93.32,0.3167,81.9033,0.2467,91.5867,0.3467,79.0667,0.1767,88.9,0.31,85.51,0.3567,88.3967,0.37,97.3267,0.5133,97.4267,0.45,81.31,0.3367,84.99,0.39,92.7967,0.4167,90.6733,0.38,98.9833,0.3367
88.1533,0.35,94.8167,0.4733,82.87,0.2367,92.6867,0.34,79.6067,0.1767,90.0467,0.39,86.5033,0.3267,89.5467,0.3933,98.67,0.5333,98.6433,0.43,82.2833,0.37,86.1067,0.3967,94.1033,0.6067,91.8533,0.4033,100.0667,0.2667
89.24,0.3467,96.2,0.39,83.7767,0.26,93.8367,0.3867,80.5,0.17,91.1967,0.37,87.9433,0.2667,90.75,0.37,99.9867,0.5067,99.8633,0.4267,83.2433,0.3667,87.2233,0.3867,95.23,0.47,93.0133,0.4367,101.8733,0.33
90.33,0.32,97.53,0.3733,84.7033,0.23,94.9967,0.37,81.6,0.37,92.3333,0.37,89.0233,0.2767,91.9167,0.3267,101.1433,0.39,101.0433,0.41,84.2367,0.3767,88.4167,0.4167,96.33,0.41,94.2067,0.4067,102.8333,0.39
91.4233,0.3567,98.92,0.4,85.7,0.2467,96.1067,0.36,82.5367,0.26,93.5233,0.3333,90.2067,0.36,93.14,0.3833,101.92,0.2667,102.27,0.43,85.2,0.36,89.54,0.4167,97.42,0.4567,95.36,0.4067,104.5667,0.1867
92.5833,0.36,100.1833,0.3033,86.66,0.2433,97.23,0.32,83.5133,0.3,94.65,0.3167,91.3033,0.36,94.5233,0.43,103.1833,0.46,103.52,0.43,86.1867,0.3733,90.6233,0.42,98.5167,0.44,96.5067,0.4033,105.86,0.49
93.7733,0.3633,101.6267,0.3733,87.5833,0.1733,98.3267,0.3567,84.4733,0.2767,95.8433,0.3967,92.42,0.4,95.8333,0.29,104.4633,0.55,104.7767,0.4433,87.15,0.3467,91.72,0.4067,99.5767,0.4367,97.61,0.3633,107.31,0.4733
94.6733,0.3967,103.0067,0.42,88.5567,0.26,99.48,0.3833,85.46,0.2767,97.03,0.3833,93.47,0.3067,97.0567,0.3133,105.5633,0.3267,105.98,0.4167,88.1233,0.3667,92.8167,0.4,100.6833,0.4533,98.7633,0.4167,108.61,0.46
95.5967,0.1433,104.2033,0.3367,89.51,0.1833,100.6967,0.3767,86.3967,0.37,98.3333,0.2233,94.5767,0.3167,98.2767,0.4133,106.9067,0.5133,107.2033,0.4333,89.1433,0.37,93.8933,0.3867,101.7833,0.4833,99.9767,0.4,109.9633,0.4633
97.3033,0.2967,105.3333,0.3,90.4333,0.2033,101.8233,0.3667,87.4133,0.2867,99.5433,0.1933,95.67,0.3533,99.4,0.41,108.0933,0.4433,108.4633,0.4467,90.18,0.38,94.8833,0.34,102.85,0.4433,101.14,0.3967,111.35,0.4067
98.3567,0.3,106.57,0.36,91.3933,0.1567,102.9833,0.3667,88.4067,0.2867,100.8233,0.4367,96.76,0.35,100.5633,0.3933,109.4167,0.5233,109.6733,0.43,91.2,0.35,95.8533,0.35,103.8967,0.4333,102.2967,0.3733,112.64,0.3867
99.48,0.3167,107.7433,0.3333,103.2633,0.1567,104.1133,0.3567,89.3967,0.2767,101.9633,0.3567,97.7733,0.33,101.7133,0.3433,110.71,0.48,110.9233,0.4633,92.22,0.3567,96.8433,0.39,104.95,0.48,103.4833,0.3867,114.0333,0.3533
100.5767,0.3433,108.8967,0.3567,104.1667,0.14,105.2833,0.3767,90.3233,0.2867,103.08,0.3933,98.8233,0.3333,102.8,0.36,111.9767,0.48,112.2,0.4533,93.2033,0.3567,97.85,0.3633,106.01,0.44,104.6433,0.4167,115.4367,0.4367
101.7067,0.37,110.05,0.3367,105.04,0.21,106.3967,0.3533,91.2867,0.2967,104.1833,0.37,99.8567,0.35,103.9433,0.3467,113.2367,0.5,113.43,0.4367,94.19,0.3833,98.8267,0.3733,106.9567,0.4067,105.7533,0.3867,116.7367,0.38
102.8167,0.32,111.2333,0.3367,105.98,0.26,107.5867,0.3967,92.29,0.2967,105.3367,0.3867,100.86,0.3333,105.1067,0.3667,114.5233,0.5133,114.6467,0.4433,95.19,0.3633,99.83,0.37,107.9733,0.4233,106.88,0.3833,117.8733,0.22
103.9033,0.33,112.4067,0.2967,107.02,0.2567,108.7667,0.3833,93.2333,0.29,106.4867,0.36,101.9633,0.35,106.1767,0.3733,115.73,0.4667,115.9133,0.4267,96.17,0.37,100.8333,0.3967,109.0033,0.42,107.99,0.3867,119.18,0.4133
105.0167,0.37,113.6,0.37,107.9967,0.2667,109.9033,0.37,94.19,0.2933,107.6633,0.3833,103.02,0.3333,107.2433,0.35,116.97,0.4933,117.1433,0.4267,97.1633,0.3667,101.8067,0.3433,109.9867,0.3933,109.1567,0.3833,120.5633,0.42
106.11,0.3133,114.7767,0.34,108.9733,0.2633,111.0567,0.3733,95.1767,0.28,108.7767,0.3267,104.0233,0.3,108.3633,0.3433,118.1867,0.4733,118.35,0.4367,98.1667,0.3667,102.7633,0.3867,111.0,0.4267,110.3267,0.3933,121.8767,0.36
107.1567,0.33,115.9567,0.3833,109.9733,0.28,112.2167,0.3767,96.19,0.3033,109.9067,0.37,105.1133,0.3533,109.4933,0.35,119.47,0.4967,119.5933,0.4467,99.1667,0.36,103.8,0.3933,112.09,0.4733,111.5067,0.39,123.2433,0.4133
108.27,0.3833,117.2367,0.37,110.97,0.27,113.3667,0.4,97.1467,0.3,111.0367,0.3167,106.0967,0.3,110.6,0.3833,120.7167,0.4667,120.8,0.4367,100.1667,0.3633,104.8,0.3667,113.1067,0.4167,112.6833,0.3667,124.8133,0.4467
109.32,0.3567,118.4367,0.3433,111.9433,0.2533,114.46,0.2833,98.1,0.2967,112.1733,0.4,107.14,0.3067,111.7433,0.3567,121.9867,0.49,122.0167,0.4333,101.15,0.36,105.8167,0.39,114.0133,0.3267,113.9533,0.4467,126.1033,0.34
110.3733,0.3067,119.5433,0.2867,112.92,0.2633,115.83,0.3767,99.12,0.3067,113.3033,0.35,108.1833,0.2833,112.8567,0.3733,123.2767,0.5133,123.2333,0.4367,102.12,0.37,106.84,0.38,114.9433,0.33,115.19,0.4633,127.4933,0.33
111.38,0.3333,121.0367,0.5867,113.8867,0.24,117.07,0.3733,100.0933,0.3067,114.4333,0.38,109.18,0.3267,114.0033,0.3467,124.5233,0.5033,124.44,0.4267,103.09,0.3567,107.8733,0.3367,115.92,0.3167,116.4033,0.41,128.8633,0.46
112.45,0.3567,122.36,0.4467,114.8667,0.26,118.2367,0.37,101.11,0.2933,115.54,0.3167,110.2267,0.3333,115.16,0.3733,125.7667,0.5033,125.6433,0.43,104.0633,0.3667,108.9433,0.3933,116.9233,0.4533,117.5733,0.37,130.2567,0.3933
113.53,0.3367,123.5633,0.3467,115.8167,0.26,119.3633,0.3533,102.1033,0.3033,116.7,0.3267,111.2333,0.35,116.25,0.34,127.0467,0.4433,126.85,0.4333,105.0367,0.36,110.0033,0.3933,117.91,0.38,118.7167,0.3767,131.52,0.3033
114.5867,0.3833,124.7333,0.2967,116.7667,0.23,120.5,0.3667,103.0967,0.3167,117.8067,0.32,112.35,0.3567,117.4233,0.3733,128.24,0.48,128.0533,0.4333,106.01,0.3533,111.0267,0.3933,118.89,0.4167,119.9267,0.3167,133.04,0.4567
115.7,0.3933,125.83,0.3367,117.66,0.19,121.6467,0.4,104.0467,0.2767,118.8967,0.3867,113.3933,0.3167,118.58,0.3633,129.42,0.4133,129.2767,0.44,107.0033,0.3533,112.05,0.3933,119.8333,0.3667,121.0833,0.38,134.33,0.4133
116.6933,0.32,127.0367,0.3167,118.6133,0.2133,122.8067,0.3667,105.04,0.3367,120.0333,0.37,114.49,0.3533,119.7167,0.38,130.6567,0.4667,130.47,0.41,107.9933,0.37,113.0633,0.3933,120.7733,0.3667,122.2867,0.41,135.9033,0.4867
117.77,0.3467,128.2367,0.37,119.55,0.24,123.9133,0.3667,106.0067,0.29,121.1933,0.3867,115.5233,0.3567,120.82,0.3367,131.8533,0.4433,131.65,0.4333,108.9667,0.3633,114.0567,0.3733,121.7833,0.3833,123.4667,0.3767,137.2567,0.4033
118.84,0.36,129.4067,0.2933,120.43,0.1567,125.0433,0.3833,106.9767,0.2833,122.3333,0.3167,116.5967,0.31,121.93,0.3867,133.1,0.4733,132.8367,0.4267,109.95,0.3533,115.0033,0.34,122.7667,0.4,124.6267,0.3933,138.4667,0.33
119.9567,0.35,130.6033,0.3767,121.3533,0.25,126.2,0.3533,107.9533,0.2567,123.4967,0.35,117.6467,0.3267,123.0767,0.34,134.3367,0.4733,134.0867,0.4367,110.93,0.3567,116.0267,0.3733,123.68,0.32,125.83,0.4167,139.8667,0.39
121.03,0.32,131.83,0.37,122.0333,0.18,127.3667,0.38,108.86,0.2933,124.6433,0.3,118.6733,0.3367,124.1733,0.3367,135.5567,0.4867,135.3133,0.4467,111.94,0.3833,117.0433,0.3533,124.7233,0.4467,126.9967,0.3933,141.1,0.41
122.1567,0.3933,133.05,0.3633,122.7033,0.2,128.51,0.37,109.8867,0.3033,125.82,0.3867,119.7567,0.34,125.2833,0.3867,136.77,0.4567,136.48,0.43,112.89,0.3433,118.0333,0.3133,125.6767,0.4067,128.1067,0.35,142.6733,0.4633
123.2267,0.3067,134.1767,0.3333,123.4333,0.1867,129.65,0.3867,110.88,0.2967,126.96,0.3667,120.8133,0.3333,126.4133,0.3667,137.99,0.4167,137.69,0.4367,113.8833,0.3633,119.0633,0.31,126.67,0.38,129.24,0.38,144.1067,0.4567
124.3167,0.3233,135.3167,0.3633,124.1367,0.1533,130.83,0.3833,111.81,0.2933,128.0967,0.4133,121.8367,0.3433,127.5133,0.39,139.2533,0.5133,138.88,0.4067,114.8567,0.37,120.0367,0.3533,127.65,0.3933,130.3767,0.37,145.4833,0.3867
125.4167,0.38,136.46,0.3433,125.5333,0.1467,132.0233,0.39,112.7333,0.2733,129.1833,0.3,122.8667,0.34,128.5967,0.3633,140.5033,0.4567,140.0767,0.4233,115.8,0.3367,121.04,0.3867,128.6233,0.4233,131.51,0.3767,146.9467,0.3967
126.5433,0.3767,137.5767,0.2967,142.91,0.1333,133.1567,0.37,113.7067,0.2833,130.2267,0.41,123.94,0.3467,129.7167,0.3367,141.72,0.47,141.2767,0.4367,116.78,0.36,122.0567,0.3433,129.5967,0.3867,132.6133,0.3633,148.48,0.43
127.66,0.3533,138.7133,0.3367,143.8567,0.1333,134.3433,0.38,114.6367,0.2733,131.2967,0.2867,125.0133,0.32,130.8467,0.3467,142.9267,0.4833,142.49,0.4367,117.7633,0.37,123.08,0.3633,130.5733,0.3833,133.77,0.3667,149.9967,0.4233
128.74,0.3667,139.8233,0.3567,144.67,0.1333,135.5533,0.3967,115.6233,0.2933,132.3533,0.3367,126.0567,0.3267,132.0433,0.4,144.13,0.4633,143.7033,0.4333,118.76,0.37,124.1567,0.3833,131.5767,0.3867,134.9367,0.38,151.5133,0.41
129.85,0.3267,140.9233,0.3433,146.0167,0.1367,136.7033,0.3533,116.5767,0.2933,133.4633,0.3733,127.05,0.3067,133.1333,0.3267,145.3533,0.49,144.94,0.4533,119.7533,0.3567,125.16,0.3833,132.5967,0.4133,136.1767,0.4167,152.7767,0.3967
130.93,0.35,142.06,0.3433,147.0267,0.1967,137.81,0.35,117.6,0.3833,134.5667,0.3667,128.11,0.33,134.23,0.39,146.5833,0.45,146.2067,0.4667,120.7033,0.3533,126.15,0.3333,133.59,0.4,137.3,0.3967,154.1367,0.35
132.0533,0.35,143.19,0.3667,148.0,0.21,138.9633,0.3733,118.5633,0.2833,135.68,0.33,129.1133,0.3467,135.3933,0.3867,147.87,0.5167,147.5633,0.42,121.6467,0.3633,127.1367,0.3267,134.57,0.3967,138.3733,0.3567,155.5767,0.46
133.1233,0.3367,144.3067,0.3367,148.94,0.1767,140.1233,0.27,119.5033,0.2933,136.7867,0.4,130.12,0.3033,136.5367,0.39,149.0133,0.4467,148.86,0.4667,122.6267,0.3667,128.12,0.36,135.59,0.4,139.5067,0.27,156.9767,0.46
134.2167,0.3533,145.46,0.3633,149.8833,0.1633,141.3,0.3733,120.4967,0.2767,137.8733,0.3733,131.1767,0.3367,137.6433,0.3567,150.2767,0.4933,150.08,0.4367,123.61,0.3467,129.14,0.3567,136.5667,0.3667,140.6567,0.3767,158.3767,0.4167
135.3167,0.2867,146.61,0.3833,150.8767,0.2533,142.4667,0.3633,121.49,0.2833,139.1067,0.3567,132.21,0.33,138.8167,0.3633,151.5033,0.47,151.2867,0.43,124.5667,0.3567,130.13,0.3833,137.6,0.3933,141.8733,0.4167,159.85,0.4367
136.3633,0.3133,147.7533,0.3467,151.82,0.2267,143.66,0.38,122.4367,0.36,140.2233,0.3133,133.1967,0.33,139.95,0.3833,152.7567,0.49,152.4833,0.4367,125.5567,0.3633,131.1367,0.3767,138.64,0.4,143.02,0.38,161.1967,0.45
137.4467,0.35,148.9233,0.3067,152.8167,0.29,144.8367,0.3767,123.3967,0.28,141.3233,0.3567,134.2433,0.34,141.0467,0.39,154.0,0.4533,153.7233,0.4567,126.54,0.3567,132.15,0.39,139.7033,0.4367,144.1567,0.3767,162.65,0.4967
138.5733,0.3433,150.07,0.3467,153.81,0.1867,145.78,0.28,124.39,0.2767,142.4567,0.38,135.2833,0.3167,142.19,0.3767,155.2567,0.4767,154.97,0.44,127.52,0.3233,133.1633,0.3867,140.7233,0.39,145.3167,0.3933,164.1067,0.4
139.6167,0.36,151.27,0.3333,154.74,0.23,147.2833,0.3433,125.3467,0.29,143.5933,0.3433,136.3133,0.3533,143.3033,0.3533,156.4433,0.46,156.2367,0.4533,128.5067,0.3533,134.1533,0.32,141.7467,0.3733,146.52,0.42,165.34,0.4133
140.74,0.37,152.4167,0.3,155.6767,0.2433,148.49,0.4167,126.3033,0.2967,144.72,0.3033,137.3667,0.3433,144.3967,0.3667,157.6967,0.47,157.46,0.4333,129.4933,0.37,135.1667,0.34,142.7467,0.39,147.7467,0.4133,166.7767,0.3667
141.8333,0.3633,153.5633,0.3667,156.6767,0.25,149.6933,0.3433,127.2933,0.2767,145.81,0.3267,138.4133,0.35,145.5033,0.36,158.95,0.48,158.7333,0.4467,130.49,0.36,136.1833,0.34,143.7133,0.35,148.88,0.39,168.1267,0.4867
142.9467,0.3467,154.7633,0.38,157.6467,0.25,150.83,0.3567,128.2433,0.2967,146.98,0.4167,139.4767,0.3133,146.6267,0.3833,160.11,0.4667,160.0333,0.4633,131.4867,0.3533,137.1933,0.3767,144.7533,0.4333,149.9867,0.3667,169.47,0.3733
143.99,0.33,155.94,0.3167,158.6533,0.1667,152.0367,0.3833,129.1533,0.2767,148.0767,0.35,140.5433,0.35,147.76,0.38,161.2833,0.4433,161.4167,0.4667,132.5,0.3733,138.2367,0.35,145.7167,0.3667,151.1033,0.3867,170.6567,0.2933
145.1167,0.3267,157.1,0.3533,159.6367,0.27,153.2433,0.3533,130.1267,0.3033,149.17,0.3167,141.6033,0.3567,148.8867,0.3767,162.5233,0.4667,163.73,0.2967,133.5267,0.3367,139.3333,0.39,146.7167,0.4033,152.22,0.3833,171.94,0.3367
146.2167,0.3733,158.2267,0.3333,160.6267,0.2933,154.3967,0.3767,131.1667,0.2967,150.2967,0.3633,142.6467,0.3433,150.0267,0.37,163.7633,0.46,165.2233,0.4533,134.5567,0.38,140.3667,0.3833,147.66,0.3533,153.3633,0.3933,173.13,0.3
147.3033,0.37,159.47,0.3733,161.5367,0.2,155.5533,0.3633,132.1433,0.2833,151.41,0.3467,143.6867,0.3667,151.1567,0.4067,165.1133,0.5333,166.5367,0.4333,135.5967,0.3767,141.4333,0.3467,148.59,0.3433,154.5167,0.3733,174.4233,0.4533
148.4167,0.3433,160.6967,0.3233,162.5033,0.1867,156.7267,0.3667,133.1,0.29,152.5167,0.3567,144.6967,0.29,152.3033,0.3833,166.42,0.5167,167.8267,0.4567,136.7267,0.3967,142.6467,0.4967,149.5267,0.3267,155.6367,0.3867,175.71,0.3067
149.5267,0.3467,161.87,0.3167,163.5333,0.2167,157.93,0.3567,133.9967,0.2833,153.61,0.4067,145.7233,0.3167,153.3967,0.3467,167.6967,0.52,169.12,0.4467,137.91,0.4333,143.7,0.4067,150.49,0.39,156.7933,0.3933,177.0567,0.3567
150.5967,0.35,163.0167,0.3433,164.4767,0.2333,159.17,0.3833,134.9633,0.28,154.7033,0.3833,146.7767,0.35,154.5067,0.3867,168.9067,0.45,170.3933,0.44,139.1267,0.4033,144.77,0.3667,151.39,0.3167,157.95,0.3933,178.4433,0.5033
151.7233,0.35,164.2333,0.3867,165.4267,0.21,160.3367,0.3633,135.92,0.2833,155.8833,0.3433,147.7967,0.2667,155.6767,0.3633,170.1333,0.45,171.6767,0.4733,140.2133,0.41,145.81,0.4,152.49,0.51,159.0767,0.3633,179.8267,0.44
152.7967,0.3533,165.4433,0.32,166.38,0.1867,161.49,0.3733,136.9367,0.2867,157.0467,0.3467,148.8667,0.3467,156.8,0.3867,171.3967,0.4833,172.8967,0.4633,141.2967,0.4033,146.87,0.39,153.41,0.3533,160.2667,0.4633,181.3767,0.4733
153.84,0.3167,166.6667,0.3067,167.3167,0.1733,162.6833,0.3767,137.9333,0.29,158.1567,0.3833,149.9433,0.3833,157.91,0.3567,172.6533,0.4933,174.12,0.4567,142.3833,0.39,147.94,0.3633,154.41,0.3967,161.4833,0.41,182.7033,0.4733
154.8767,0.3267,168.0,0.41,168.24,0.2167,163.81,0.3633,138.9067,0.2833,159.2933,0.4133,150.9733,0.3167,159.03,0.3833,173.88,0.4733,175.3667,0.44,143.4467,0.36,148.9933,0.4067,155.3833,0.3567,162.6667,0.4167,184.1867,0.4733
155.9567,0.3633,169.25,0.36,169.18,0.2467,164.99,0.35,139.9167,0.2833,160.43,0.3533,152.0,0.3133,160.0767,0.3633,175.1567,0.48,176.6067,0.4367,144.5067,0.4,150.0233,0.3667,156.4267,0.4233,163.7867,0.37,185.5167,0.3867
157.02,0.29,170.4667,0.3633,170.0967,0.2067,166.2133,0.3767,140.8533,0.29,161.5533,0.37,153.0433,0.36,161.1767,0.3733,176.39,0.4767,177.87,0.4533,145.5233,0.3733,151.06,0.3433,157.3233,0.3067,164.9333,0.39,186.9,0.3733
158.1,0.3833,171.6233,0.31,171.0133,0.21,167.3567,0.3767,141.85,0.2967,162.71,0.3833,154.08,0.33,162.3167,0.3567,177.5333,0.4867,179.14,0.4633,146.55,0.34,152.1033,0.3567,158.2833,0.3867,166.09,0.4067,188.1967,0.44
159.22,0.3433,172.9467,0.3933,171.8933,0.16,168.5033,0.34,142.8167,0.28,163.8833,0.3933,155.13,0.26,163.46,0.3533,178.7667,0.4633,180.37,0.4433,147.5633,0.3667,153.14,0.35,159.21,0.34,167.23,0.3867,189.4833,0.3567
160.2933,0.3433,174.1433,0.3167,172.79,0.2267,169.6433,0.37,143.77,0.2933,165.0467,0.4167,156.2567,0.33,164.56,0.3533,180.0933,0.4967,181.5767,0.4333,148.5867,0.3733,154.1733,0.3967,160.1333,0.3567,168.3667,0.38,190.8,0.35
161.3867,0.36,176.0667,0.46,173.7233,0.2333,170.8233,0.3733,144.7567,0.3,166.2367,0.41,157.3367,0.3633,165.7233,0.3667,181.3467,0.4833,182.79,0.42,149.57,0.3433,155.2033,0.3733,161.08,0.3567,169.5367,0.3767,192.3367,0.44
162.4633,0.35,177.73,0.35,174.6133,0.2233,172.0167,0.39,145.7567,0.2867,167.3733,0.3533,158.3933,0.3167,166.8433,0.3333,182.68,0.53,183.98,0.44,150.57,0.3767,156.22,0.39,162.0767,0.4333,170.71,0.38,193.9133,0.47
163.5367,0.34,179.19,0.34,175.5733,0.2267,173.1767,0.3633,146.7,0.2733,168.5067,0.35,159.4667,0.3167,167.9067,0.3567,183.9367,0.47,185.27,0.4567,151.5433,0.31,157.2667,0.3533,162.99,0.37,171.8167,0.3733,195.1767,0.4067
164.7,0.3967,180.4467,0.3567,176.4633,0.1367,174.3467,0.36,147.6367,0.28,169.63,0.38,160.6267,0.34,169.02,0.35,185.2033,0.4967,186.4967,0.4433,152.5267,0.35,158.2833,0.3767,163.8967,0.3367,173.0033,0.42,196.4867,0.3733
165.7433,0.3233,181.7767,0.3833,194.71,0.1233,175.5,0.36,148.5533,0.2667,170.7333,0.3233,161.6,0.29,170.1233,0.34,186.4567,0.4833,187.72,0.46,153.5133,0.3567,159.3233,0.3567,164.8267,0.37,174.22,0.4167,197.91,0.4367
166.8267,0.4,183.02,0.2967,195.81,0.2033,176.6333,0.3533,149.53,0.28,171.85,0.34,162.7467,0.2,171.19,0.34,187.78,0.5,188.9233,0.4267,154.4933,0.3633,160.3567,0.3767,165.7767,0.3633,175.3933,0.4067,199.3,0.3967
167.91,0.33,184.2867,0.3867,196.8333,0.26,177.7933,0.3533,150.46,0.28,172.99,0.34,164.1033,0.43,172.2833,0.3533,189.15,0.5067,190.1767,0.4467,155.46,0.3467,161.3367,0.33,166.7433,0.35,176.57,0.4167,200.8667,0.52
169.02,0.3633,185.48,0.37,197.73,0.2233,178.9467,0.3567,151.46,0.2967,174.1667,0.3767,165.23,0.3533,173.4633,0.3367,190.64,0.5333,191.4267,0.4433,156.4267,0.3467,162.31,0.3567,167.7333,0.4,177.72,0.3967,202.0633,0.4333
170.09,0.3367,186.6933,0.3767,198.7267,0.2367,180.09,0.3167,152.4267,0.2767,175.2967,0.3367,166.3267,0.3567,174.5567,0.3667,191.95,0.4833,192.7167,0.45,157.4233,0.3567,163.32,0.3833,168.64,0.3533,178.87,0.4,203.83,0.6233
171.1633,0.3567,187.9467,0.32,199.66,0.2433,181.2967,0.3933,153.3633,0.2967,176.43,0.3933,167.3933,0.32,175.6533,0.35,192.77,0.3133,193.9133,0.44,158.41,0.31,164.3233,0.39,169.5333,0.36,180.1,0.4067,205.2667,0.5133
172.24,0.3333,189.1633,0.3133,200.5633,0.1633,182.4767,0.3467,154.6767,0.44,177.65,0.4,168.5333,0.3567,176.78,0.3267,193.9667,0.26,195.14,0.4233,159.3833,0.36,165.3333,0.3667,170.44,0.32,181.2733,0.41,206.61,0.3267
173.2967,0.3333,190.37,0.2867,201.47,0.2067,183.65,0.37,155.6933,0.2867,178.8367,0.31,169.67,0.37,177.96,0.3733,195.3533,0.5267,196.3833,0.4433,160.3833,0.3667,166.34,0.3333,171.3667,0.35,182.45,0.4167,207.93,0.4033
174.38,0.34,191.6033,0.3767,202.28,0.1833,184.7967,0.3233,156.68,0.3233,180.0067,0.3767,170.77,0.3367,179.3233,0.42,196.8033,0.5767,197.5667,0.4333,161.3567,0.3467,167.3333,0.3867,172.36,0.3967,183.6267,0.3967,209.43,0.46
175.5433,0.3867,192.75,0.2933,206.38,0.16,185.97,0.3667,157.6233,0.27,181.1067,0.13,171.8067,0.35,180.5267,0.3467,198.1633,0.51,198.8167,0.45,162.34,0.35,168.37,0.38,173.39,0.4133,184.78,0.3933,210.9067,0.48
176.5833,0.3267,193.9567,0.3767,207.4133,0.1867,187.1067,0.36,158.5667,0.2867,182.3433,0.2233,172.89,0.3467,181.8167,0.4167,199.4167,0.48,200.06,0.4367,163.35,0.3733,169.4233,0.38,174.36,0.33,185.9633,0.3967,212.4367,0.4667
177.69,0.3567,195.17,0.3567,208.43,0.2067,188.2933,0.3467,159.5133,0.27,183.5933,0.3067,173.9333,0.29,182.9467,0.3567,200.7633,0.5,201.2867,0.4333,164.33,0.3233,170.46,0.35,175.51,0.5567,187.2633,0.4267,213.9567,0.45
178.8133,0.3667,196.3033,0.2933,209.4,0.2467,189.4733,0.3533,160.5,0.3467,184.81,0.3867,175.0133,0.3167,184.08,0.4,202.11,0.5333,202.5033,0.44,165.3033,0.3467,171.4767,0.3933,176.3867,0.32,188.7033,0.4867,215.47,0.5667
179.9567,0.3767,197.4633,0.3667,210.1633,0.2167,190.6633,0.3367,161.49,0.3367,185.9467,0.41,176.1333,0.3267,185.2633,0.3867,203.2733,0.4367,203.7033,0.4333,166.32,0.3867,172.5,0.37,177.3367,0.3767,189.9333,0.3967,217.1333,0.52
181.1133,0.3533,198.74,0.4067,211.1233,0.2167,191.8267,0.35,162.43,0.27,187.12,0.4167,177.2467,0.3633,186.4,0.3833,204.5167,0.48,204.93,0.4267,167.3133,0.3433,173.5067,0.39,178.33,0.45,191.1067,0.41,218.5833,0.48
182.2733,0.35,199.9667,0.35,212.0867,0.1733,193.0333,0.3467,163.3433,0.2933,188.34,0.4133,178.29,0.3567,187.5733,0.36,205.6467,0.44,206.14,0.4267,168.2867,0.3433,174.5367,0.34,179.2833,0.35,192.2567,0.4,220.0167,0.4233
183.5533,0.41,201.1667,0.3633,213.1167,0.2333,194.1867,0.36,164.3067,0.28,189.4967,0.3467,179.29,0.3367,188.65,0.3767,206.95,0.5033,207.34,0.42,169.3133,0.3967,175.56,0.38,180.31,0.45,193.36,0.3633,221.3833,0.3567
184.5,0.3633,202.2733,0.3033,214.1967,0.1433,195.3867,0.3933,165.28,0.2767,190.61,0.4067,180.2833,0.3067,189.7767,0.3533,208.2233,0.4867,208.58,0.45,170.3,0.3167,176.5467,0.3667,181.31,0.43,194.4767,0.3767,222.8667,0.4033
185.7433,0.32,203.4433,0.37,215.1367,0.2167,196.5433,0.3433,166.2533,0.2667,191.7333,0.38,181.3133,0.3333,190.9167,0.3467,209.52,0.4967,209.81,0.4333,171.24,0.32,177.57,0.41,182.25,0.3533,195.55,0.37,224.23,0.4633
186.8167,0.4033,204.63,0.3833,216.1767,0.3033,197.6967,0.35,167.21,0.28,192.8667,0.3667,182.3433,0.3333,192.0433,0.4033,210.7767,0.49,210.97,0.41,172.2433,0.3633,178.62,0.39,183.27,0.4433,196.67,0.4167,225.7367,0.4333
187.8967,0.3467,205.86,0.3433,217.2267,0.2467,198.8833,0.37,168.1767,0.2767,193.9767,0.2867,183.42,0.3333,193.16,0.36,211.9733,0.4667,212.14,0.42,173.2033,0.36,179.6133,0.3833,184.23,0.38,197.84,0.41,227.1133,0.3967
189.03,0.35,207.1033,0.3167,218.4433,0.2933,200.1167,0.37,169.16,0.3367,195.1033,0.3533,184.5033,0.3467,194.26,0.36,213.1667,0.4433,213.3633,0.42,174.1833,0.33,180.62,0.3833,185.1533,0.3733,199.0167,0.4133,228.48,0.3967
190.1167,0.3633,208.2367,0.35,219.5267,0.26,201.33,0.37,170.1033,0.2867,196.21,0.43,185.5533,0.3267,195.39,0.3633,214.45,0.5033,214.5733,0.4267,175.14,0.35,181.63,0.35,186.09,0.36,200.1967,0.42,229.7867,0.3633
191.2433,0.3533,209.3867,0.3067,220.6233,0.3267,202.5167,0.3733,171.0967,0.2967,197.4033,0.2933,186.6467,0.3767,196.49,0.3733,215.6433,0.4667,215.7633,0.4233,176.1233,0.35,182.63,0.39,186.9967,0.3367,201.3667,0.3933,231.26,0.4467
192.3733,0.3467,210.5433,0.37,221.8067,0.34,203.6667,0.3433,172.0433,0.29,198.4867,0.3933,187.6667,0.3567,197.5733,0.3733,216.9,0.4867,216.97,0.4433,177.0967,0.36,183.6133,0.4,187.9133,0.34,202.51,0.4033,232.7033,0.4433
193.51,0.3867,211.73,0.3733,222.92,0.3033,204.8333,0.35,172.98,0.3133,199.6433,0.3967,188.7233,0.3367,198.68,0.3433,218.2233,0.5167,218.1733,0.4333,178.0633,0.3567,184.5667,0.3633,188.8233,0.3467,203.65,0.4033,234.1367,0.4467
194.6433,0.3667,212.91,0.3,223.9733,0.2533,205.9833,0.18,173.9067,0.2767,200.7967,0.3967,189.77,0.31,199.8033,0.37,219.4967,0.49,219.39,0.4433,179.03,0.3533,185.51,0.3533,189.7633,0.4033,204.82,0.4167,235.5833,0.43
195.6967,0.3633,214.1133,0.3767,225.0867,0.2967,207.21,0.24,174.87,0.27,201.88,0.4133,190.7567,0.2767,200.9133,0.36,220.74,0.5133,220.6167,0.4567,179.9833,0.33,186.4333,0.3667,190.65,0.3233,205.9833,0.4167,237.0367,0.5
196.7867,0.33,215.2933,0.3733,226.14,0.2733,208.4167,0.3667,175.8367,0.3,203.0667,0.4167,191.7967,0.35,202.0067,0.3667,221.87,0.42,221.8567,0.4367,180.94,0.36,187.43,0.3567,191.5967,0.3833,207.0767,0.3867,238.55,0.5067
197.8733,0.34,216.4767,0.3233,227.2467,0.3333,209.59,0.3467,176.81,0.3233,204.25,0.39,192.84,0.3667,203.09,0.32,223.0533,0.4233,223.07,0.44,181.91,0.3567,188.39,0.31,192.49,0.3533,208.2333,0.37,239.99,0.4833
199.04,0.34,217.65,0.37,228.28,0.2133,210.7267,0.3667,177.7833,0.28,205.3867,0.4067,193.84,0.3233,204.2167,0.38,224.2667,0.4633,224.2567,0.4333,182.8967,0.3567,189.36,0.3367,193.37,0.3467,209.42,0.4233,241.54,0.5
200.1633,0.37,218.8033,0.35,229.4167,0.3033,211.8967,0.3567,178.75,0.2733,206.52,0.3033,194.8933,0.3433,205.35,0.3833,225.4933,0.43,225.45,0.4367,183.91,0.3933,190.3933,0.38,194.2767,0.36,210.55,0.4133,243.1,0.4967
201.2867,0.3633,219.9833,0.36,230.4767,0.31,213.1733,0.3867,179.6967,0.27,207.6433,0.33,195.8967,0.3,206.4133,0.3567,226.7367,0.45,226.6833,0.4333,184.9267,0.3767,191.41,0.3833,195.19,0.3667,211.6333,0.3933,244.6167,0.5
202.4167,0.38,221.2,0.33,231.6,0.29,214.3567,0.3567,180.6933,0.3267,208.7767,0.3533,196.9233,0.3433,207.5233,0.38,227.96,0.51,227.9167,0.4333,185.9,0.3333,192.4067,0.33,196.1333,0.3667,212.7467,0.3633,246.1333,0.3933
203.52,0.3533,222.4067,0.37,232.63,0.33,215.4,0.0967,181.5633,0.2533,209.92,0.3767,197.97,0.3333,208.5933,0.3767,229.26,0.4833,229.1833,0.45,186.9033,0.3333,193.42,0.3367,197.0033,0.34,213.9133,0.39,247.5633,0.4333
204.5967,0.3833,223.59,0.3633,233.76,0.2933,216.6833,0.28,182.54,0.2967,211.09,0.41,199.04,0.3833,209.67,0.38,230.5367,0.5033,230.41,0.42,187.86,0.3033,194.4267,0.3267,197.89,0.3467,215.1667,0.4267,249.06,0.4467
205.73,0.3733,224.75,0.3067,234.7333,0.2767,217.9333,0.44,183.5033,0.3,212.1833,0.4133,200.09,0.3233,210.7967,0.3433,231.77,0.4767,231.61,0.44,188.8633,0.3733,195.4533,0.3567,198.8333,0.3433,216.47,0.4367,250.54,0.4733
206.8167,0.3433,225.8967,0.3267,235.8633,0.3267,219.16,0.4267,184.47,0.2833,213.3567,0.34,201.13,0.3267,211.8867,0.3567,232.9733,0.44,232.85,0.45,189.8933,0.3433,196.4833,0.3267,199.7933,0.3567,217.7633,0.4467,251.91,0.4367
207.88,0.36,226.99,0.3,236.96,0.2933,220.36,0.3667,185.46,0.2967,214.4867,0.3733,202.1967,0.3633,212.97,0.3433,234.21,0.47,234.07,0.43,190.91,0.31,197.48,0.3567,200.7233,0.3567,218.9967,0.4433,253.2933,0.4467
208.9733,0.3367,228.1467,0.3,238.0467,0.2933,221.5267,0.3433,186.39,0.28,215.6633,0.3933,203.2467,0.3533,214.05,0.34,235.43,0.4833,235.34,0.4367,191.9033,0.3567,198.5067,0.3333,201.5933,0.3333,220.2,0.38,254.8067,0.3833
210.0933,0.3433,229.2967,0.3533,239.14,0.3133,222.7433,0.3567,187.3533,0.2867,216.83,0.3567,204.27,0.3267,215.1333,0.3767,236.6367,0.4633,236.5567,0.4433,192.9267,0.3533,199.53,0.3467,202.5533,0.3733,221.36,0.3933,256.2767,0.4867
211.2,0.34,230.4433,0.34,240.21,0.29,223.9233,0.3767,188.3367,0.2833,217.9967,0.38,205.28,0.3533,216.2167,0.3533,237.87,0.48,237.8733,0.4567,193.93,0.34,200.5633,0.3533,203.4667,0.3467,222.59,0.41,257.6467,0.4367
212.29,0.3633,231.87,0.3,241.25,0.2733,225.1033,0.3767,189.2833,0.2767,219.1867,0.3833,206.3533,0.3367,217.3267,0.35,239.1067,0.4733,239.6933,0.3,194.91,0.3333,201.61,0.3333,204.39,0.3333,223.8333,0.4067,259.2167,0.55
213.3733,0.35,233.1867,0.33,242.3167,0.3067,226.2833,0.3933,190.2433,0.2733,220.2933,0.3833,207.3733,0.3267,218.4633,0.3867,240.3633,0.4667,241.14,0.4533,195.92,0.3533,202.7233,0.3467,205.2667,0.32,225.1567,0.46,260.3867,0.4867
214.4733,0.33,234.3433,0.2867,243.46,0.3467,227.4367,0.3633,191.18,0.28,221.41,0.36,208.3833,0.3167,219.5867,0.38,241.5633,0.5,242.4067,0.4433,196.92,0.3433,203.8233,0.2367,206.15,0.3067,226.3767,0.3733,261.61,0.4667
215.5633,0.3267,235.5933,0.3767,244.4933,0.26,228.6033,0.3733,192.1833,0.3033,222.5467,0.3433,209.41,0.3433,220.68,0.3167,242.81,0.48,243.7,0.45,197.9533,0.3667,205.04,0.43,207.1033,0.38,227.66,0.42,263.0233,0.42
216.7033,0.3667,236.7233,0.2833,245.6,0.2633,229.7767,0.35,193.1067,0.29,223.7133,0.3767,210.4833,0.37,221.7667,0.35,244.07,0.4767,244.94,0.46,198.96,0.2933,206.0367,0.3333,207.9567,0.3667,228.8367,0.4167,264.2133,0.36
217.8567,0.3733,237.88,0.3067,246.5967,0.2933,230.94,0.38,194.08,0.3,224.84,0.3667,211.5,0.36,222.89,0.3467,245.2767,0.4867,246.1967,0.45,199.9633,0.3733,207.0733,0.37,208.8433,0.2967,230.0633,0.38,265.51,0.33
219.0267,0.3767,239.09,0.2867,247.69,0.3233,232.0933,0.35,195.0367,0.2767,225.9267,0.3333,212.5533,0.3233,223.97,0.3533,246.4967,0.4667,247.4933,0.4767,200.98,0.3733,208.1033,0.3767,209.7867,0.3533,231.32,0.43,266.88,0.4033
220.1267,0.3333,240.2567,0.35,248.7533,0.28,233.18,0.3267,196.0567,0.3433,227.0667,0.3867,213.63,0.3433,225.06,0.34,247.6733,0.44,248.8233,0.4833,202.08,0.38,209.13,0.3567,210.7367,0.3433,232.6233,0.43,268.25,0.4067
221.2733,0.37,241.41,0.3267,249.7433,0.2467,234.34,0.3567,197.01,0.28,228.2233,0.3867,214.7167,0.3233,226.19,0.3567,248.8567,0.46,250.0167,0.4367,203.25,0.4067,210.1667,0.37,211.63,0.3367,233.9367,0.4167,269.64,0.4167
222.4433,0.37,242.59,0.28,250.7333,0.2967,235.49,0.36,197.94,0.2967,229.3467,0.3067,215.7633,0.3567,227.3033,0.36,250.1233,0.4567,251.2467,0.4533,204.4467,0.4233,211.2,0.3567,212.5467,0.3433,235.17,0.34,270.8433,0.4533
223.57,0.37,243.8133,0.35,251.8233,0.3167,236.5933,0.3633,198.9167,0.3,230.4767,0.37,216.7967,0.3233,228.34,0.3367,251.2833,0.4533,252.4633,0.4333,205.67,0.44,212.24,0.32,213.4433,0.31,236.4,0.38,272.19,0.4433
224.6433,0.35,245.03,0.3233,252.73,0.2433,237.7867,0.3933,199.88,0.3,231.5933,0.3833,217.8,0.2967,229.4567,0.3733,252.5067,0.47,253.6567,0.44,206.7633,0.4233,213.28,0.3767,214.35,0.3233,237.53,0.36,273.6433,0.4533
225.74,0.36,246.25,0.33,253.7733,0.27,238.9933,0.37,200.8733,0.2967,232.7167,0.3967,218.8567,0.33,230.54,0.3433,253.79,0.5033,254.8633,0.4267,207.8267,0.3767,214.2967,0.3433,215.2767,0.3433,238.7767,0.3433,275.1467,0.5067
226.8633,0.3767,247.3967,0.2967,254.8433,0.31,240.1467,0.3567,201.8333,0.2733,233.88,0.4367,219.8767,0.3133,231.6033,0.3433,254.97,0.4667,256.1167,0.4333,208.8667,0.3833,215.3333,0.35,216.25,0.3833,240.1633,0.4667,276.46,0.32
227.9667,0.3667,248.5967,0.3467,255.83,0.2667,241.2867,0.35,202.7667,0.2667,234.99,0.38,220.91,0.33,232.71,0.3467,256.2267,0.4567,257.3433,0.4467,209.98,0.39,216.3567,0.3433,217.1667,0.2633,241.46,0.3967,277.8367,0.36
229.08,0.3833,249.73,0.2967,256.8633,0.29,242.44,0.3633,203.6667,0.3067,236.0633,0.4133,221.95,0.28,233.8167,0.3533,257.4367,0.48,258.5767,0.45,211.1133,0.34,217.4067,0.35,218.11,0.3467,242.7,0.3933,279.2767,0.4333
230.23,0.35,250.8567,0.3033,257.8833,0.2433,243.51,0.3433,204.6533,0.3433,237.1867,0.3733,222.9933,0.3433,234.9367,0.3833,258.6033,0.4433,259.8233,0.4467,212.17,0.36,218.4167,0.3033,219.01,0.27,244.14,0.4167,280.4167,0.2867
231.35,0.3867,252.0167,0.3167,258.9467,0.2667,244.7167,0.3833,205.5833,0.2867,238.3133,0.4,224.0067,0.3333,236.0,0.3733,259.7267,0.3933,261.1033,0.4533,213.24,0.38,219.4533,0.3433,219.9333,0.3533,245.66,0.5033,281.7933,0.4467
232.48,0.35,253.28,0.3767,259.92,0.2767,245.85,0.37,206.5133,0.2833,239.49,0.4233,225.06,0.3333,237.0967,0.3533,260.9133,0.47,262.3467,0.4467,214.29,0.38,220.5033,0.36,220.8467,0.3133,246.8367,0.3767,283.1533,0.4333
233.61,0.3833,254.5633,0.3267,260.95,0.3167,247.0033,0.36,207.4567,0.2667,240.62,0.36,226.1233,0.35,238.1833,0.3733,262.1667,0.4933,263.5867,0.4433,215.3,0.37,221.5033,0.3433,221.7333,0.32,248.03,0.33,284.54,0.4467
234.7333,0.37,255.88,0.33,262.0067,0.26,248.1567,0.3667,208.4933,0.3633,241.7533,0.3533,227.1433,0.3167,239.2833,0.3467,263.4067,0.4833,264.8833,0.4633,216.2933,0.3567,222.5033,0.3333,222.6033,0.31,249.2533,0.42,285.8933,0.44
235.8833,0.38,257.28,0.3367,262.9767,0.2833,249.3267,0.3667,209.49,0.2767,242.92,0.3667,228.2033,0.3233,240.3567,0.3833,264.6433,0.5033,266.1367,0.44,217.28,0.3567,223.48,0.3467,223.5367,0.3533,250.4567,0.3267,287.26,0.3233
237.04,0.3633,258.5967,0.41,264.03,0.26,250.4633,0.35,210.4433,0.3267,244.0433,0.3167,229.2667,0.3233,241.45,0.3333,265.91,0.48,267.3567,0.45,218.3233,0.3967,224.4767,0.3167,224.4,0.25,251.7433,0.4167,288.71,0.4433
238.12,0.3633,259.93,0.37,265.0667,0.2867,251.57,0.3533,211.4067,0.28,245.1533,0.37,230.3167,0.3033,242.5767,0.3767,267.2067,0.5,268.5833,0.4133,219.34,0.38,225.52,0.39,225.3233,0.3467,253.0967,0.4033,290.1233,0.4433
239.1933,0.3567,261.2,0.3667,266.0333,0.2633,252.7133,0.3367,212.3733,0.2967,246.2567,0.38,231.3867,0.3467,243.7033,0.4033,268.4433,0.4733,269.8467,0.43,220.3733,0.29,226.5433,0.3667,226.27,0.43,254.5833,0.4233,291.56,0.4133
240.2833,0.3667,262.39,0.3467,267.06,0.2367,253.85,0.37,213.33,0.2833,247.3733,0.3567,232.4633,0.3533,244.8,0.3867,269.6867,0.4467,271.03,0.4333,221.3533,0.3167,227.5567,0.33,227.1967,0.34,255.9767,0.3867,293.1067,0.4167
241.3467,0.33,263.6133,0.37,268.1067,0.29,255.0167,0.3633,214.3133,0.3067,248.4767,0.3367,233.51,0.3667,245.9267,0.39,270.9067,0.48,272.28,0.4367,222.3433,0.37,228.55,0.3133,228.17,0.4367,257.1633,0.45,294.63,0.3867
242.46,0.3433,264.8967,0.3667,269.1667,0.2767,256.1833,0.3733,215.2833,0.2767,249.5633,0.3433,234.51,0.29,247.0233,0.3533,272.1067,0.4767,273.51,0.45,223.3533,0.3633,229.5567,0.3533,229.0833,0.3467,259.57,0.45,296.27,0.4667
243.5333,0.3333,266.12,0.32,270.2267,0.3,257.3267,0.35,216.2467,0.3333,250.6767,0.28,235.62,0.3567,248.1333,0.3767,273.31,0.49,274.7167,0.4133,224.3467,0.3367,230.5533,0.3267,230.0233,0.3567,260.8833,0.4067,297.7733,0.57
244.6367,0.3733,267.35,0.3567,271.22,0.2933,258.5033,0.36,217.2167,0.2767,251.78,0.3933,236.8033,0.3733,249.2367,0.3333,274.5767,0.4833,275.9467,0.43,225.3433,0.3667,231.5767,0.3533,230.91,0.3133,261.8967,0.2333,299.6,0.4133
245.7433,0.3633,268.5467,0.3633,272.28,0.3233,259.6333,0.3567,218.15,0.2833,252.8733,0.35,237.9367,0.35,250.3233,0.3567,275.8833,0.5,277.17,0.4367,226.34,0.3333,232.58,0.3267,231.8633,0.4967,271.7033,2.3867,,
246.8233,0.3433,269.7767,0.3767,273.3233,0.27,260.78,0.3767,219.09,0.3267,253.9667,0.3833,238.78,0.1433,251.46,0.39,277.26,0.5133,278.3933,0.4267,227.34,0.3133,233.5767,0.3533,232.7333,0.29,272.9333,0.24,,
247.9233,0.31,270.91,0.3067,274.3567,0.2833,261.91,0.3467,220.0067,0.27,255.1367,0.3567,239.9467,0.2733,252.5733,0.3833,278.3133,0.44,279.5667,0.4133,228.3067,0.3167,234.5633,0.37,233.69,0.3833,274.41,0.5167,,
249.0167,0.3867,272.0767,0.2967,275.4133,0.33,263.13,0.38,220.9733,0.28,256.25,0.2567,241.05,0.36,253.6833,0.3767,279.3767,0.3933,280.7633,0.4233,229.2867,0.36,235.5633,0.37,234.5833,0.31,275.6633,0.4333,,
250.1233,0.3667,273.26,0.3733,276.47,0.3033,264.27,0.36,221.9433,0.3167,257.4267,0.3833,242.1567,0.3667,254.7833,0.36,280.8567,0.5133,281.9667,0.45,230.2833,0.3667,236.5633,0.3433,235.47,0.3067,276.9567,0.39,,
251.2233,0.3633,274.4633,0.37,277.4267,0.27,265.43,0.3767,222.88,0.2933,258.6233,0.3733,243.2233,0.3567,255.9233,0.3333,282.33,0.6,283.1867,0.4333,231.28,0.3667,237.5667,0.3233,236.3567,0.3367,278.1533,0.3333,,
252.2567,0.34,275.69,0.3767,278.4767,0.2367,266.58,0.3533,223.8533,0.2733,259.67,0.2967,244.24,0.3433,257.0567,0.3533,283.71,0.5067,284.43,0.4433,232.2567,0.37,238.5967,0.3467,237.1967,0.2267,279.4033,0.3433,,
253.3567,0.4,276.86,0.3467,279.55,0.2833,267.7967,0.3967,225.4367,0.3933,260.9333,0.2867,245.2833,0.3167,258.2567,0.3867,285.0667,0.54,285.63,0.44,233.2567,0.3667,239.5667,0.32,238.16,0.2733,280.5933,0.3267,,
254.4933,0.3367,278.06,0.33,280.5533,0.2933,268.9167,0.3233,225.9567,0.1767,261.98,0.2167,246.3,0.3433,259.5967,0.4333,286.3767,0.49,286.8767,0.45,234.24,0.26,240.61,0.3867,239.24,0.4733,281.75,0.33,,
255.6,0.3833,279.2267,0.3467,281.57,0.2767,270.1167,0.39,226.65,0.16,263.1233,0.2467,247.3467,0.33,260.9167,0.3767,287.68,0.4433,288.1133,0.45,235.2167,0.36,241.62,0.3733,240.1467,0.2967,283.0033,0.4333,,
256.72,0.3567,280.4133,0.36,282.6567,0.28,271.3467,0.3867,227.5733,0.2833,264.2933,0.29,248.37,0.3167,262.27,0.1867,289.03,0.52,289.3267,0.43,236.1967,0.3533,242.61,0.33,241.02,0.2967,284.2733,0.3667,,
257.84,0.3633,281.6067,0.3667,283.68,0.2633,272.5,0.3567,228.54,0.3333,265.4167,0.3867,249.3767,0.3567,263.5767,0.4133,290.2833,0.4367,290.55,0.4367,237.2,0.38,243.6433,0.4133,241.94,0.3233,285.52,0.39,,
258.97,0.36,282.7433,0.34,284.7167,0.2767,273.65,0.3733,229.5167,0.2833,266.4967,0.2967,250.4367,0.3633,264.7767,0.4033,291.5333,0.49,291.79,0.43,238.21,0.3833,244.66,0.33,242.8733,0.33,286.7767,0.3867,,
260.0933,0.3733,283.9067,0.3633,285.81,0.3233,274.8367,0.3733,230.5033,0.28,267.5967,0.3433,251.45,0.36,265.98,0.4167,292.8233,0.5233,293.0233,0.4333,239.2233,0.2967,245.67,0.3767,243.8067,0.3467,288.08,0.4567,,
261.1967,0.39,285.1033,0.3033,286.8567,0.3533,276.0467,0.3567,231.4633,0.3367,268.7167,0.38,252.4567,0.32,267.15,0.4233,294.1133,0.4933,294.27,0.45,240.21,0.3667,246.67,0.3333,244.7167,0.3533,289.25,0.3933,,
262.2833,0.34,286.2733,0.32,287.8633,0.3033,277.25,0.38,232.42,0.2867,269.8433,0.3367,253.4733,0.3433,268.2767,0.3767,295.3567,0.47,295.48,0.43,241.2167,0.3867,247.6533,0.31,245.65,0.3067,290.4033,0.4167,,
263.39,0.3833,287.5033,0.35,288.9633,0.2867,278.44,0.3767,233.4267,0.36,270.9867,0.3533,254.49,0.33,269.41,0.3467,296.6133,0.4833,296.6933,0.4333,242.21,0.37,248.6833,0.3467,246.56,0.29,291.6267,0.4667,,
264.5367,0.3567,288.7367,0.31,289.9967,0.2867,279.64,0.37,234.41,0.2967,272.0533,0.3633,255.5333,0.3267,270.5667,0.3633,297.8967,0.5033,297.9233,0.4333,243.2133,0.3667,249.6733,0.38,247.5433,0.3933,292.7567,0.4133,,
265.62,0.3667,290.0033,0.3567,291.0367,0.2967,280.89,0.3933,235.3433,0.27,273.1567,0.3733,256.6,0.3567,271.71,0.3433,299.2133,0.5,299.1867,0.45,244.16,0.31,250.71,0.3233,248.45,0.37,294.0467,0.4333,,
266.71,0.36,291.1833,0.3,292.1367,0.3267,282.02,0.3633,236.31,0.3033,274.2333,0.3533,257.61,0.2767,272.8067,0.3467,,,,,245.1567,0.3533,251.7267,0.3267,249.3833,0.3133,295.2933,0.3633,,
267.8367,0.36,292.39,0.3733,293.13,0.2667,283.4833,0.3367,237.28,0.3067,275.32,0.4,258.7,0.3367,273.86,0.35,,,,,246.1067,0.35,252.7267,0.34,250.3067,0.36,296.5267,0.29,,
268.9767,0.37,293.58,0.3533,294.1633,0.3033,284.5833,0.27,238.1933,0.28,276.4,0.3067,259.78,0.3367,274.95,0.3633,,,,,247.1067,0.3767,253.7067,0.3233,251.1833,0.2667,297.82,0.3367,,
270.1367,0.3467,294.7333,0.3,295.22,0.2833,285.84,0.31,239.13,0.2633,277.56,0.3733,260.82,0.34,276.1067,0.3433,,,,,248.08,0.36,254.72,0.3367,252.08,0.31,299.9967,0.3367,,
271.2467,0.38,295.8833,0.3433,296.22,0.3067,287.02,0.39,240.08,0.2867,278.6967,0.3367,261.86,0.35,277.2433,0.3433,,,,,249.0433,0.2967,255.73,0.3633,252.9667,0.2967,,,,
272.9167,0.1633,297.03,0.3533,297.25,0.2833,288.24,0.3467,241.0233,0.2667,279.75,0.42,262.88,0.3433,278.4033,0.3467,,,,,250.0033,0.31,256.7667,0.37,253.89,0.3533,,,,
273.78,0.1767,298.18,0.33,298.2567,0.2633,289.47,0.38,241.9833,0.2667,280.9167,0.3967,263.92,0.3233,279.5433,0.3333,,,,,250.9433,0.3433,257.7767,0.36,254.7533,0.2933,,,,
276.2433,0.2333,299.3467,0.3333,299.2633,0.2833,290.71,0.3867,242.9767,0.34,282.0067,0.35,264.97,0.3467,280.6833,0.36,,,,,251.8967,0.3367,258.7833,0.3233,255.6767,0.32,,,,
277.3667,0.3433,,,,,291.9033,0.3733,243.9367,0.28,283.05,0.4033,266.0233,0.3633,281.9,0.3967,,,,,252.8633,0.36,259.8067,0.3233,256.5933,0.32,,,,
278.3967,0.3267,,,,,293.1467,0.3733,244.88,0.26,284.11,0.3533,267.04,0.3233,283.0333,0.35,,,,,253.84,0.3533,260.8833,0.3467,257.59,0.3267,,,,
279.4,0.3033,,,,,294.3567,0.3533,245.8533,0.3667,285.25,0.3667,268.0567,0.35,284.1567,0.35,,,,,254.8033,0.3433,261.8567,0.28,258.6333,0.49,,,,
280.49,0.36,,,,,295.57,0.3567,246.8567,0.34,286.33,0.3833,269.1367,0.3533,285.3067,0.3667,,,,,255.76,0.3433,262.98,0.4567,259.7433,0.4033,,,,
281.6133,0.3367,,,,,296.7833,0.3733,247.81,0.2833,287.4167,0.3867,270.1667,0.3133,286.4367,0.36,,,,,256.75,0.3767,264.0567,0.4167,260.7033,0.3533,,,,
282.6967,0.3167,,,,,297.99,0.37,248.7867,0.3567,288.53,0.3833,271.27,0.3733,287.52,0.3467,,,,,257.6967,0.3667,265.1567,0.3533,261.5967,0.28,,,,
283.78,0.38,,,,,299.14,0.36,249.75,0.2733,289.5433,0.36,272.3433,0.36,288.68,0.3433,,,,,258.65,0.3167,266.2133,0.3967,262.6667,0.4667,,,,
284.8733,0.3633,,,,,,,250.7067,0.2767,290.6567,0.3733,273.3533,0.3033,289.81,0.37,,,,,259.6167,0.3433,267.2667,0.35,263.6033,0.3733,,,,
285.9433,0.34,,,,,,,251.65,0.2633,291.7967,0.32,274.4033,0.33,290.9533,0.3633,,,,,260.5867,0.3333,268.2967,0.37,264.55,0.3533,,,,
287.05,0.3467,,,,,,,252.58,0.2667,292.89,0.3033,275.4667,0.37,292.15,0.3867,,,,,261.5533,0.3367,269.33,0.34,265.4933,0.3433,,,,
288.0733,0.3533,,,,,,,253.5533,0.35,294.04,0.3933,276.5067,0.3233,293.2633,0.35,,,,,262.5233,0.37,270.3567,0.34,266.3567,0.2667,,,,
289.2067,0.3867,,,,,,,254.52,0.2667,295.1767,0.35,277.51,0.34,294.3667,0.3367,,,,,263.5067,0.3633,271.3733,0.37,267.2633,0.3867,,,,
290.34,0.37,,,,,,,255.4567,0.2833,296.2567,0.3367,278.51,0.3233,295.4567,0.34,,,,,264.4967,0.35,272.39,0.3167,268.1633,0.2467,,,,
291.3233,0.2833,,,,,,,256.4233,0.27,297.3667,0.35,279.5733,0.3567,296.5633,0.3733,,,,,265.4633,0.32,273.4233,0.37,269.1,0.3433,,,,
292.5033,0.3533,,,,,,,257.3967,0.2667,298.5,0.3167,280.6033,0.3533,297.7433,0.3733,,,,,266.4533,0.36,274.42,0.38,269.9933,0.3033,,,,
293.6067,0.3967,,,,,,,258.3867,0.3267,,,281.59,0.3233,298.8833,0.3867,,,,,267.4433,0.2933,275.4433,0.33,270.8833,0.3367,,,,
294.6767,0.33,,,,,,,259.3433,0.28,,,282.6467,0.3267,299.9467,0.35,,,,,268.56,0.3733,276.4567,0.3967,271.77,0.3367,,,,
295.7567,0.3633,,,,,,,260.29,0.32,,,283.7033,0.3567,,,,,,,269.72,0.3867,277.4767,0.3667,272.6967,0.33,,,,
296.86,0.3533,,,,,,,261.24,0.2767,,,284.7567,0.34,,,,,,,270.99,0.45,278.4967,0.3567,273.6333,0.37,,,,
298.0133,0.3967,,,,,,,262.16,0.2667,,,285.81,0.3367,,,,,,,272.1067,0.4033,279.5,0.3433,274.51,0.2767,,,,
299.1367,0.35,,,,,,,263.1167,0.3267,,,286.8233,0.35,,,,,,,273.1933,0.39,280.5167,0.3733,275.4033,0.38,,,,
,,,,,,,,264.1067,0.3333,,,287.8333,0.33,,,,,,,274.24,0.3833,281.55,0.3467,276.29,0.3267,,,,
,,,,,,,,265.0833,0.28,,,288.89,0.33,,,,,,,275.3,0.3967,282.5733,0.3767,277.2067,0.35,,,,
,,,,,,,,266.05,0.3,,,289.9667,0.3767,,,,,,,276.3667,0.38,283.5967,0.3833,278.06,0.3167,,,,
,,,,,,,,266.9567,0.27,,,291.01,0.3333,,,,,,,277.3967,0.38,284.6467,0.35,278.97,0.3367,,,,
,,,,,,,,267.9767,0.29,,,292.1,0.3633,,,,,,,278.45,0.3867,285.67,0.3433,279.8167,0.3067,,,,
,,,,,,,,268.95,0.3333,,,293.1633,0.3467,,,,,,,279.53,0.3933,286.69,0.3333,280.7267,0.3367,,,,
,,,,,,,,269.8833,0.28,,,294.2367,0.36,,,,,,,280.57,0.34,287.74,0.3867,281.64,0.36,,,,
,,,,,,,,270.8067,0.2633,,,295.29,0.35,,,,,,,281.62,0.3733,288.7833,0.3633,282.5233,0.3167,,,,
,,,,,,,,271.75,0.2867,,,296.3,0.3233,,,,,,,282.6533,0.3833,289.83,0.36,283.4333,0.3767,,,,
,,,,,,,,272.6867,0.27,,,297.3467,0.3633,,,,,,,283.6533,0.3367,290.8367,0.3667,284.2733,0.2867,,,,
,,,,,,,,273.63,0.2667,,,298.3633,0.3233,,,,,,,284.65,0.3733,291.88,0.35,285.14,0.3333,,,,
,,,,,,,,274.5833,0.2833,,,299.4067,0.32,,,,,,,285.63,0.3667,292.9133,0.3433,285.99,0.3267,,,,
,,,,,,,,275.5033,0.3,,,,,,,,,,,286.6033,0.29,293.9267,0.33,286.8367,0.32,,,,
,,,,,,,,276.4167,0.2733,,,,,,,,,,,287.5933,0.3667,294.9533,0.37,287.7133,0.3333,,,,
,,,,,,,,277.35,0.31,,,,,,,,,,,288.6267,0.3867,295.9767,0.3333,288.6267,0.35,,,,
,,,,,,,,278.3,0.2833,,,,,,,,,,,289.64,0.3533,297.0033,0.3367,289.54,0.3333,,,,
,,,,,,,,279.27,0.3267,,,,,,,,,,,290.6333,0.3633,298.0167,0.35,290.4233,0.32,,,,
,,,,,,,,280.2567,0.27,,,,,,,,,,,291.62,0.32,299.0467,0.34,291.4167,0.39,,,,
,,,,,,,,281.2,0.2967,,,,,,,,,,,292.6867,0.39,,,292.3,0.31,,,,
,,,,,,,,282.1667,0.3267,,,,,,,,,,,293.7367,0.3867,,,293.1467,0.3267,,,,
,,,,,,,,283.1,0.28,,,,,,,,,,,294.77,0.37,,,294.05,0.3067,,,,
,,,,,,,,284.0567,0.32,,,,,,,,,,,295.8033,0.3867,,,294.9933,0.3833,,,,
,,,,,,,,284.9633,0.2767,,,,,,,,,,,296.7867,0.3633,,,295.8867,0.3233,,,,
,,,,,,,,285.8567,0.2867,,,,,,,,,,,297.82,0.3767,,,296.7933,0.3433,,,,
,,,,,,,,286.7467,0.2667,,,,,,,,,,,298.8233,0.37,,,297.67,0.3333,,,,
,,,,,,,,287.7133,0.3033,,,,,,,,,,,299.81,0.3667,,,298.5867,0.3633,,,,
,,,,,,,,288.6967,0.2833,,,,,,,,,,,,,,,299.5167,0.36,,,,
,,,,,,,,289.63,0.28,,,,,,,,,,,,,,,,,,,,
,,,,,,,,290.5633,0.2733,,,,,,,,,,,,,,,,,,,,
,,,,,,,,291.5467,0.2733,,,,,,,,,,,,,,,,,,,,
,,,,,,,,292.4967,0.2867,,,,,,,,,,,,,,,,,,,,
,,,,,,,,293.4633,0.2733,,,,,,,,,,,,,,,,,,,,
,,,,,,,,294.48,0.3467,,,,,,,,,,,,,,,,,,,,
,,,,,,,,296.17,1.0033,,,,,,,,,,,,,,,,,,,,
,,,,,,,,297.0233,0.2167,,,,,,,,,,,,,,,,,,,,
,,,,,,,,298.01,0.2867,,,,,,,,,,,,,,,,,,,,
,,,,,,,,299.0367,0.3167,,,,,,,,,,,,,,,,,,,,
